{"type":"FeatureCollection","features":[{"type":"Feature","properties":{"depth":10,"major":false},"geometry":{"type":"LineString","coordinates":[[5.871470546345438,60.201230655951534],[5.871108868629171,60.20121262543818],[5.87002383548037,60.20132719321818],[5.8698429966222365,60.20138560475194],[5.86948131890597,60.20156551824927],[5.869210060618769,60.201643486554254],[5.869119641189703,60.20169211146276],[5.868757963473436,60.20168860148544],[5.868305866328102,60.201760679627],[5.868163953976721,60.201835041804884],[5.8680583941185676,60.20192550679493],[5.867700285875131,60.2024230642402],[5.867582510895568,60.2024860006506],[5.867401672037435,60.20253307561958],[5.866949574892102,60.202608082765295],[5.866678316604902,60.20262618249065],[5.866226219459568,60.20261602750091],[5.865593283456101,60.202538071370235],[5.8645082503073,60.202553796164274],[5.8642369920201,60.202572380109764],[5.864146572591033,60.20259338260952],[5.864056153161966,60.202645384046335],[5.863519523690642,60.20323724915064],[5.863423289747299,60.20359910911083],[5.863384519071251,60.20391573657601],[5.863331901275097,60.20405143406108],[5.863237796584533,60.204187131546156],[5.862790281155032,60.204550725707904],[5.862308199132468,60.20486561897152],[5.862066925722498,60.20514249114321],[5.861886086864365,60.20523838522179],[5.861433989719031,60.205390622499486],[5.861338080591919,60.205453641406834],[5.86132107875708,60.20549887390186],[5.861352679742587,60.20572503637698],[5.861297448267351,60.20590596635708],[5.86080117220145,60.20640352380235],[5.860718665842171,60.20662968627747],[5.860588290392403,60.206855848752596],[5.8605227845055605,60.207172476217764],[5.860436845116184,60.20721770871279],[5.860430667727281,60.207262941207816],[5.860347050179075,60.20730817370284],[5.860325539294827,60.20748910368294],[5.860080906298925,60.20762480116801],[5.859896859424897,60.20785391160097],[5.859869111911698,60.208077126118255],[5.859716020566763,60.20816154085739],[5.859631770166542,60.2081675911083],[5.859444762279563,60.20837617358055],[5.859076435212846,60.20866514855357],[5.858905385237671,60.208891311028694],[5.858726379029989,60.20920793849386],[5.858398236955748,60.20961503094908],[5.858281134604342,60.209931658414256],[5.8582550413425105,60.210203053384404],[5.858186204112113,60.21042921585953],[5.858173418971077,60.21070061082967],[5.858142095841181,60.21083630831475],[5.857930189126568,60.211243400769966],[5.857591584490094,60.211560028235134],[5.857162595494807,60.21201235318538],[5.8568424252538716,60.2124194456406],[5.856799282837462,60.21250991063065],[5.856807263990558,60.21282653809582],[5.856714150355058,60.213007468075915],[5.856574924322113,60.213143165560986],[5.8562836640310305,60.21336932803611],[5.856099243404094,60.21347699252306],[5.85592001875329,60.21355025801621],[5.855737565687827,60.21358627092616],[5.855285468542493,60.21362679840914],[5.854923790826226,60.21363011105174],[5.854381274251826,60.21354310447233],[5.853567499390225,60.21330904207605],[5.852100443916892,60.213143165560986],[5.851103124576025,60.21291700308587],[5.849679463940356,60.21247461016562],[5.849498625082223,60.21240499946006],[5.849016443923511,60.21214805067045],[5.848775269649689,60.212050212277894],[5.848142333646222,60.211902993425426],[5.847418978213688,60.21182123587619],[5.846695622781154,60.211533156798176],[5.84597226734862,60.21155932915812],[5.845339331345153,60.211528070114234],[5.84515849248702,60.21149656998925],[5.844254298196352,60.21123595529587],[5.843892620480085,60.211166950755],[5.8435309427638185,60.211129308807365],[5.842626748473151,60.21114291293863],[5.842445909615018,60.2111967407245],[5.84154171532435,60.21155352045374],[5.841451295895284,60.21155502172369],[5.84127045703715,60.21163523167978],[5.840908779320883,60.21164566708196],[5.840818359891816,60.211687988156534],[5.84072794046275,60.211691597672186],[5.840637521033683,60.211735874195725],[5.840549465697728,60.21174095821523],[5.840010246628248,60.21201235318538],[5.839906238952573,60.212102818175424],[5.839840506951859,60.212193283165476],[5.8398076707429345,60.21228374815553],[5.8398044796666655,60.212464678135625],[5.839827151502542,60.21255514312567],[5.83993855040867,60.21282653809582],[5.840119054720457,60.21305270057094],[5.840509897382411,60.21345979302616],[5.840754645660561,60.21364072300626],[5.840908779320883,60.21371083922878],[5.841360876466217,60.21381816128605],[5.842174651327817,60.21385091441218],[5.842536329044084,60.213894344103394],[5.842807587331285,60.21399200910224],[5.843109084165565,60.21418351294655],[5.843259684476618,60.21425371170957],[5.843440523334752,60.21428183106922],[5.843802201051019,60.21429471914159],[5.843983039909152,60.214330838942466],[5.844332933776854,60.21450014041172],[5.844344717625419,60.21457876189568],[5.8445255564835525,60.21468732613065],[5.844796814770753,60.21475464730471],[5.845339331345153,60.21482514957099],[5.845665763497555,60.21495246536197],[5.846027247558731,60.21517862783709],[5.846424364493954,60.215503782981564],[5.8479614947880885,60.21614565357587],[5.848142333646222,60.21618435012427],[5.848504011362489,60.21619940996271],[5.849046527936889,60.216262973229824],[5.849498625082223,60.21633543712817],[5.849950722227557,60.2164564904261],[5.850312399943824,60.21657738364776],[5.85052394292394,60.2166713001729],[5.8510138971587065,60.21703316013309],[5.851140608272366,60.21716885761816],[5.85115353405854,60.21730455510323],[5.851084778730003,60.217530717578356],[5.851112924111962,60.21775688005348],[5.851175169617051,60.21789257753856],[5.851451883193733,60.218344902488795],[5.851536289985873,60.21843536747885],[5.851759110808891,60.218607186620275],[5.8523920468123585,60.21900194208537],[5.852572885670492,60.21916125913167],[5.852898247643203,60.219520947359435],[5.8541100159646255,60.22052423170715],[5.854200435393692,60.22056443582362],[5.854833371397159,60.220706443816496],[5.85537588797156,60.22090156958419],[5.85591840454596,60.221157423192075],[5.856551340549427,60.22131319029756],[5.8571842765528945,60.22129506765929],[5.857365115411028,60.22125219254558],[5.857907631985428,60.22104051786267],[5.85864081873633,60.22060652724002],[5.8589022457051625,60.22058177990975],[5.859716020566763,60.22061942543507],[5.860168117712097,60.220674520296086],[5.861162731431831,60.22097862261942],[5.86205862023277,60.22114931718031],[5.86240359909983,60.22128501466538],[5.862790281155032,60.22151527191353],[5.862940715753317,60.22155640963553],[5.863242378300366,60.22154818770015],[5.863875314303833,60.22147306799672],[5.8642369920201,60.22147503093771],[5.864598669736367,60.22152940891384],[5.865322025168901,60.221700600374206],[5.866678316604902,60.22179392417234],[5.866859155463035,60.22184111506145],[5.867311252608368,60.22202138018626],[5.867492091466501,60.222065811883084],[5.869119641189703,60.222079818319955],[5.86948131890597,60.22212685130119],[5.86975257719317,60.22221122919447],[5.870014776564737,60.222325362050945],[5.870154483792245,60.222415827041],[5.87029509376757,60.22255350563933],[5.870393745763411,60.222687222011146],[5.870449498609189,60.22282291949622],[5.87048625157148,60.223139546961384],[5.87056635205477,60.22347749361877],[5.870656771483837,60.22364159040765],[5.8708244444369155,60.22381803438675],[5.8720958195058675,60.22476791678227],[5.872601722973804,60.22522024173251],[5.873640612643039,60.22563112188523],[5.874363968075573,60.225965658170594],[5.874544806933707,60.226072615271896],[5.874994929284089,60.226577216583244],[5.875113820006932,60.22689384404841],[5.875208463644283,60.22702954153349],[5.875632521951771,60.22734616899866],[5.875901098369708,60.22748085430844],[5.876262776085975,60.22753578282484],[5.8773478092347755,60.227555508959014],[5.87861368124171,60.227658134841384],[5.880150811535844,60.22766802074638],[5.8811454252555775,60.22778042476392],[5.882049619546245,60.22781164448441],[5.88440052470198,60.228191856810334],[5.884852621847314,60.22831741694265],[5.885395138421714,60.228607611482225],[5.885666396708914,60.228692793803326],[5.886661010428648,60.228769278648414],[5.887113107573982,60.22886851230459],[5.887655624148382,60.228925314555056],[5.887926882435583,60.228978895908355],[5.888453793354585,60.22920070129466],[5.888774116589032,60.22942686376978],[5.889192754442517,60.22965827697354],[5.889283173871584,60.22966274253464],[5.889644851587851,60.2298350093582],[5.889735271016917,60.22984040454731],[5.890096948733184,60.23001614226186],[5.890187368162251,60.230035794407485],[5.890910723594785,60.23012107313178],[5.892357434459853,60.23017998550085],[5.892809531605186,60.23022358061275],[5.893352048179587,60.23039975350202],[5.89396320642677,60.230557676145395],[5.894075403612121,60.23061862556181],[5.894387662700387,60.23087430361056],[5.894527500757454,60.23092053262876],[5.894708339615587,60.23094798019021],[5.895341275619054,60.230982619867675],[5.895793372764388,60.23104137292979],[5.895974211622521,60.23109039762919],[5.896327987055107,60.231236163570756],[5.896697567055055,60.23131307397314],[5.897149664200389,60.23136318454611],[5.897601761345722,60.23138078996461],[5.898325116778256,60.231319372200026],[5.898686794494523,60.23130910747771],[5.898958052781723,60.23133312999986],[5.899138891639857,60.23138646171739],[5.89931973049799,60.23149904495976],[5.899435104201152,60.23164325602598],[5.89944068904348,60.231914650996124],[5.89952343997997,60.2322312784613],[5.899548776857225,60.23254790592647],[5.899577845457061,60.23263837091652],[5.899682441533107,60.232819300896615],[5.8999329060315615,60.233090695866764],[5.900314344217724,60.233380470738254],[5.90053471155337,60.23367871830208],[5.900736389271143,60.2342667407374],[5.90107156961893,60.23476429818267],[5.901222184731759,60.235080925647836],[5.901274538508034,60.23526185562793],[5.901289039146327,60.23553325059808],[5.901333910683686,60.23571418057818],[5.901391263308468,60.235759413073204],[5.901395281859441,60.23580464556823],[5.901482346757583,60.23584987806325],[5.901489796795592,60.235885051860826],[5.901867460999179,60.236030808043346],[5.901997488190234,60.2361212730334],[5.90207936924479,60.23621173802345],[5.902184591379839,60.236392668003546],[5.9024173343081,60.23693545794384],[5.902767156298746,60.23752348037915],[5.902930304900847,60.23784010784433],[5.903011071678922,60.23793057283437],[5.903871035779936,60.23851859526969],[5.904202379667594,60.23878441135596],[5.904378935142856,60.23888045522989],[5.904730328169008,60.23901615271496],[5.905196993387328,60.239153811655264],[5.9061918048271504,60.239378012675154],[5.907186077774344,60.23992080261545],[5.907461531644439,60.24010173259555],[5.90790957625933,60.24033105092946],[5.9090050621753925,60.24105161499106],[5.909205251213649,60.241232544971155],[5.909471766377159,60.241594404931355],[5.909982208876446,60.24209196237662],[5.910441320273198,60.2424011255213],[5.910802997989465,60.24258329692185],[5.911526353421999,60.24287611350833],[5.912520967141733,60.24312054664689],[5.9136060002905335,60.24329923819932],[5.914058097435867,60.24333166781428],[5.914238936294001,60.24329549848789],[5.914279188728742,60.24322277475223],[5.914281131608767,60.24290614728706],[5.914254050896919,60.242544287326865],[5.914206211462261,60.242408589841794],[5.9141211420243645,60.24231812485174],[5.91354491882395,60.24191103239652],[5.9127408644574855,60.24105161499106],[5.91254841793077,60.24087068501096],[5.912312084607112,60.24059929004081],[5.911797611709199,60.24025854623918],[5.911123724100582,60.23992080261545],[5.910364290070964,60.23942324517018],[5.909861642525782,60.23901615271496],[5.909197885059739,60.238428130279644],[5.908630789770895,60.2377948753493],[5.907819156830263,60.23730565496313],[5.907669310099988,60.23716162041896],[5.907411778846502,60.23684499295379],[5.907075434951567,60.23657359798364],[5.906101187677995,60.236073189551774],[5.90589840536366,60.235895110558275],[5.905695363656385,60.23566894808315],[5.905636793115862,60.23557848309311],[5.905600205086444,60.23544278560803],[5.905629218317759,60.23512615814286],[5.905719604593473,60.23489999566774],[5.905876101298147,60.23462860069759],[5.905946860622568,60.23444767071749],[5.906092633028993,60.234176275747345],[5.90608503787,60.234040578262274],[5.90591929711256,60.23349778832198],[5.9059046142060625,60.23331685834188],[5.905926865246706,60.23318116085681],[5.905853715143279,60.23313592836178],[5.905862930880001,60.23304546337174],[5.905780288217454,60.23300023087671],[5.905782900741818,60.23286453339164],[5.9056939552449945,60.232819300896615],[5.905689248077832,60.23218604596627],[5.905649090532662,60.23200146988132],[5.905501320572655,60.23195988349115],[5.905106573958261,60.23179381373303],[5.904967746771571,60.231688488521],[5.9049385081014,60.231507558540905],[5.9049691069937245,60.23128139606578],[5.904961164617558,60.23114569858071],[5.904896661276325,60.23101000109564],[5.9047133604669435,60.23082907111554],[5.90414832902556,60.23051244365037],[5.902702045988111,60.22960779374988],[5.902379639324738,60.229336398779736],[5.902225441427571,60.229110236304614],[5.9021350044040455,60.22888407382949],[5.902029803668635,60.22879360883944],[5.901580216224659,60.22852532590087],[5.900676021933991,60.228072246163634],[5.899620417878906,60.227617563968806],[5.898958052781723,60.22718174292552],[5.89877721392359,60.22709081215263],[5.897963439061989,60.226832135175634],[5.897149664200389,60.22650709185004],[5.8968784059131885,60.22642616951839],[5.895974211622521,60.22631742219485],[5.895341275619054,60.22621184830651],[5.894256242470254,60.225976838611345],[5.893352048179587,60.22583850236213],[5.892538273317986,60.225632189980544],[5.892086176172652,60.22548789824852],[5.8913628207401185,60.22520020419954],[5.890549045878518,60.22474680075739],[5.890458626449451,60.224663889017464],[5.890370788411215,60.22454175430715],[5.89035854105453,60.22449652181212],[5.890385522369176,60.22440605682207],[5.890528555785844,60.224270359337],[5.891054845313559,60.22399896436685],[5.891158034174992,60.223908499376805],[5.891275562785008,60.22368233690168],[5.8913628207401185,60.22332918901478],[5.891485034095645,60.223094314466366],[5.891634079027319,60.22302132541357],[5.892184264489947,60.22291338448627],[5.892385387083065,60.22282291949622],[5.892424506405272,60.22277768700119],[5.892431965017782,60.222732454506165],[5.892380696438051,60.22246105953602],[5.892383621031189,60.22228012955593],[5.89239540138142,60.222189664565875],[5.892450324882917,60.222053967080804],[5.892267015030786,60.22203975274301],[5.892176595601719,60.221989207203684],[5.892086176172652,60.22198959088312],[5.891995756743586,60.22194432245217],[5.891814917885452,60.22195418444923],[5.8917244984563855,60.221913272793806],[5.891634079027319,60.22191285798636],[5.891453240169185,60.22181470325304],[5.8913628207401185,60.22181646115414],[5.891091562452918,60.22167657460263],[5.891001143023852,60.22167563425867],[5.890910723594785,60.22162928037878],[5.890820304165718,60.22162796455467],[5.890729884736651,60.22158252610297],[5.890639465307585,60.221581305309165],[5.890549045878518,60.221536722591786],[5.890458626449451,60.22153602249447],[5.890277787591318,60.2214520797855],[5.890187368162251,60.22145093211655],[5.8898346892240285,60.22128501466538],[5.889818810133776,60.22114931718031],[5.889837138566415,60.22110408468529],[5.889916281581033,60.22101361969524],[5.89018838428541,60.22078745722012],[5.890229239973121,60.22069699223007],[5.890195583685096,60.22065175973504],[5.890196250911471,60.22060652724002],[5.890244475694903,60.220561294744996],[5.89020492294982,60.220470829754944],[5.890127485747579,60.2203803647649],[5.889760950138373,60.22010896979475],[5.889554432158784,60.220006911223045],[5.889025101938994,60.2198375748246],[5.88855981843905,60.21963445717133],[5.887836463006516,60.21943819090017],[5.887655624148382,60.21942657162173],[5.886299332712381,60.219467001460835],[5.885847235567048,60.21943628920212],[5.885530979974077,60.21938524987436],[5.885305235671604,60.21929478488431],[5.885120572720214,60.219113854904215],[5.88494304127638,60.219014911211055],[5.8842196858438465,60.218831092894995],[5.883315491553179,60.21866745825428],[5.883135758448924,60.21857106496392],[5.883048000010261,60.21848059997387],[5.883011564110875,60.21839013498382],[5.883023231981171,60.218299669993776],[5.883194417459376,60.217937810033575],[5.883556670188949,60.217530717578356],[5.883767588698513,60.21739779987929],[5.883948427556646,60.21732649062138],[5.8842196858438465,60.21727578312671],[5.88467178298918,60.21724497264801],[5.885033460705447,60.21724511101431],[5.8852142995635806,60.217217865337155],[5.885485557850781,60.217061255347545],[5.885847235567048,60.21677950711604],[5.886028074425181,60.2166744064488],[5.886299332712381,60.216575427028545],[5.887050452311634,60.21639990520275],[5.887203527003049,60.21634275161143],[5.887299880279968,60.21626420771767],[5.88741100697548,60.21599281274753],[5.887579056303878,60.215676185282355],[5.887581988463718,60.215540487797284],[5.887418142751968,60.21535955781719],[5.887392418800424,60.21531432532216],[5.887385045711448,60.21522386033211],[5.8872939464321155,60.21521480702289],[5.887203527003049,60.21516237522356],[5.887113107573982,60.215159770316724],[5.8870636285961195,60.215133395342065],[5.887063902444001,60.21495246536197],[5.886974372491632,60.21490723286694],[5.886974252327591,60.214862000371916],[5.886884950943527,60.21481676787689],[5.886884786590965,60.214726302886845],[5.886795639307385,60.21468107039182],[5.886795596853792,60.21463583789679],[5.886706911169348,60.214590605401774],[5.886707520760473,60.21450014041172],[5.886796642287411,60.214454907916696],[5.886797933628339,60.214319210431626],[5.88688708748832,60.2142739779366],[5.886887544148445,60.214228745441574],[5.8869767249570755,60.21418351294655],[5.886977382275105,60.21413828045153],[5.887022688144915,60.2141152870936],[5.887113107573982,60.2141589784257],[5.887203527003049,60.214157420304105],[5.887264861850052,60.21418351294655],[5.887271522143908,60.214228745441574],[5.887384365861182,60.21428944897966],[5.887836463006516,60.214240042102745],[5.887926882435583,60.21418334139564],[5.8882212927072,60.21386688548138],[5.8884827260823,60.21364072300626],[5.888534952599152,60.21355025801621],[5.888538935891816,60.21345979302616],[5.88834933539428,60.212871770590844],[5.888336850828969,60.212736073105766],[5.8884140513763334,60.21264560811572],[5.888788689138952,60.212464678135625],[5.888847817047948,60.2124194456406],[5.888866640103198,60.21237421314557],[5.88877149062066,60.2122385156605],[5.888481896134821,60.21201235318538],[5.888235355603233,60.21187665570031],[5.887714384071786,60.211650493225186],[5.887506468806174,60.21151479574011],[5.887427819375816,60.21142433075006],[5.887390753995168,60.21133386576001],[5.887364670899745,60.21092677330479],[5.887440182616419,60.21083630831475],[5.887526298961854,60.21079107581972],[5.888242930779977,60.21051968084957],[5.88860028181215,60.210338750869475],[5.889114024765141,60.20997689090928],[5.889131157356384,60.209931658414256],[5.889082339120288,60.209841193424204],[5.888679603791468,60.209524565959036],[5.888469399009983,60.20941917898339],[5.8882885601518495,60.20937364024306],[5.887655624148382,60.209347749550574],[5.886841849286782,60.20942583319699],[5.886299332712381,60.209431472226534],[5.886118493854248,60.209487649800195],[5.885756816137981,60.20967107739067],[5.885749898758494,60.20970549593913],[5.885661008060394,60.20975072843416],[5.885654765686579,60.209795960929185],[5.88557054702018,60.209841193424204],[5.885567708391364,60.20988642591923],[5.885509802959831,60.209931658414256],[5.885499382299132,60.2100221234043],[5.885452355084687,60.21011258839435],[5.885304718992647,60.210223923839706],[5.885033460705447,60.21028502552158],[5.884581363560113,60.21029065347316],[5.88412926641478,60.21025917109978],[5.883496330411313,60.21017187615997],[5.882230458404378,60.20982377809775],[5.881507102971844,60.209689529295524],[5.881055005826511,60.20953383087536],[5.880964586397444,60.209466143899355],[5.880872295091125,60.20934363597894],[5.88072274836602,60.209027008513765],[5.880677481484179,60.20880084603864],[5.880627144975148,60.20866514855357],[5.880455632147947,60.20839375358342],[5.87993649670215,60.20785096364313],[5.878794520099843,60.20703221005159],[5.878523261812643,60.20693645903509],[5.877619067521976,60.20673529207363],[5.876986131518509,60.206521333640254],[5.876353195515041,60.20626642379338],[5.875358581795307,60.20616319047742],[5.87472564579184,60.20602096744048],[5.874092709788373,60.20579454063924],[5.873731032072106,60.20560211972266],[5.873355195017627,60.20536317641679],[5.873265949717307,60.20527271142674],[5.873058014915501,60.20495608396157],[5.872736418352372,60.20465040074768],[5.872560509019214,60.20441329402127],[5.872514655149653,60.2042775965362],[5.872504013654923,60.203960969071034],[5.872357098878262,60.20359910911083],[5.87237151229414,60.20346341162576],[5.872444370119699,60.20332771414069],[5.872776489393935,60.20305631917054],[5.872845542176816,60.20296585418049],[5.8729231053731965,60.20264922671532],[5.872924300488386,60.20255876172527],[5.872857960525713,60.20219690176508],[5.872740342322625,60.20178980930986],[5.872669994170054,60.201699344319806],[5.872605989625422,60.20165411182479],[5.872256352287436,60.20147318184469],[5.871922643490771,60.20135354541],[5.871470546345438,60.201230655951534]]}},{"type":"Feature","properties":{"depth":10,"major":false},"geometry":{"type":"LineString","coordinates":[[5.872404682425472,60.21255514312567],[5.872465160065172,60.21258539718241],[5.872645998923305,60.212585404630005],[5.872736418352372,60.21263064209194],[5.873007676639572,60.21263064504006],[5.873098096068639,60.21267588632191],[5.873188515497706,60.212675903737804],[5.873369354355839,60.21276637311153],[5.873731032072106,60.21276640607643],[5.873851278250127,60.21282653809582],[5.8738513092970885,60.212871770590844],[5.87394171671741,60.21291700308587],[5.87394173995032,60.21296223558089],[5.874032144999053,60.213007468075915],[5.874032166045014,60.21305270057094],[5.87412256898793,60.21309793306597],[5.874122589979304,60.213143165560986],[5.874212990761988,60.21318839805601],[5.874213011289448,60.21323363055104],[5.874303405482555,60.213278863046064],[5.874303423008975,60.21332409554109],[5.874393799363795,60.21336932803611],[5.874393830613145,60.21355025801621],[5.874484198183912,60.21359549051123],[5.874484174152728,60.213821652986354],[5.874393801440128,60.21386688548138],[5.874393754550653,60.21404781546148],[5.874303527424358,60.2140930479565],[5.874314422860914,60.214454907916696],[5.87422719388923,60.21450014041172],[5.874237554783962,60.214726302886845],[5.8741622750153155,60.21477153538187],[5.874154840975404,60.214862000371916],[5.874204976519248,60.21495246536197],[5.874269280123076,60.21531432532216],[5.874296160483607,60.21576665027241],[5.874243699950186,60.21585711526245],[5.873819975146691,60.21617374272763],[5.873561144781924,60.2163094402127],[5.873188515497706,60.21641124596582],[5.872193901777972,60.21656741746993],[5.872081953513356,60.21662606767787],[5.871900204110832,60.21680699765797],[5.871778477736557,60.216897462648014],[5.871564663355207,60.216987927638066],[5.871380126916371,60.21702353037698],[5.870928029771037,60.2170613944278],[5.8702046743385035,60.21707664441241],[5.86975257719317,60.21712937591692],[5.86948131890597,60.21713202969136],[5.869312593455418,60.21707839262812],[5.868706700363379,60.21676176516294],[5.868642085012639,60.2166713001729],[5.868618798126025,60.216580835182846],[5.868595926048006,60.21639990520275],[5.868613654463601,60.21621897522265],[5.868596143089999,60.21617374272763],[5.868338798364346,60.21590234775748],[5.868081884706649,60.21545002280723],[5.867851720127586,60.21517862783709],[5.86746379182096,60.214997697856994],[5.867349085996166,60.21490723286694],[5.867345006729633,60.21481676787689],[5.86737993374431,60.214726302886845],[5.867541809535087,60.21450014041172],[5.867763349753702,60.214350420770884],[5.868035579232897,60.2142739779366],[5.868061536124995,60.21418351294655],[5.868070262255313,60.21413828045153],[5.86798759349339,60.2140930479565],[5.8679929092972785,60.21400258296645],[5.867552841371148,60.21377642049133],[5.867553011228864,60.21364072300626],[5.867643348656768,60.21359549051123],[5.867643437332851,60.21350502552119],[5.867733793156894,60.21345979302616],[5.867733861809962,60.213414560531135],[5.867763349753702,60.213399806855854],[5.867853769182768,60.2133997691813],[5.867944188611835,60.21335455613406],[5.868034608040902,60.21335452419327],[5.868215446899035,60.21326408402258],[5.868305866328102,60.21326404242724],[5.8684867051862355,60.213173184237796],[5.868667544044369,60.21317125185998],[5.868757963473436,60.21312444522174],[5.868938802331569,60.21312170626987],[5.869029221760636,60.21307585774764],[5.869119641189703,60.21307505057795],[5.869210060618769,60.213029195610495],[5.869390899476903,60.21302526818316],[5.86948131890597,60.212974321396366],[5.869619506184293,60.21296223558089],[5.869662157764103,60.21283226634667],[5.86975257719317,60.21271058457922],[5.8698429966222365,60.212615728598124],[5.869933416051303,60.21257172654445],[5.87002383548037,60.21256545418117],[5.8702046743385035,60.21259542034659],[5.87041607987614,60.21269084061075],[5.870475932625704,60.212694796723454],[5.870656771483837,60.21261861302456],[5.870747190912904,60.212620151390546],[5.870928029771037,60.21253181485828],[5.871018449200104,60.212576963795755],[5.871741804632638,60.21258483831152],[5.871832224061705,60.21254002940899],[5.872374740636105,60.212540164427914],[5.872404682425472,60.21255514312567]]}},{"type":"Feature","properties":{"depth":10,"major":false},"geometry":{"type":"LineString","coordinates":[[5.880189567405052,60.21291700308587],[5.88037356125732,60.21296223558089],[5.880512489252111,60.213048437411835],[5.880693328110245,60.21322628562895],[5.880743367212758,60.21332409554109],[5.880729592865725,60.21345979302616],[5.8806976811305,60.21350502552119],[5.880602908681178,60.21356464589231],[5.880580727222843,60.21364072300626],[5.880559139118128,60.21404781546148],[5.880783747539311,60.214161633166796],[5.880874166968377,60.214162377971874],[5.880998549014786,60.214228745441574],[5.880874166968377,60.21428889460966],[5.880602908681178,60.21428879688913],[5.880451639234454,60.21436444292665],[5.880451559923904,60.21440967542167],[5.880361172725251,60.214454907916696],[5.880361105677643,60.21450014041172],[5.880270744080108,60.21454537290675],[5.880270630111625,60.21463583789679],[5.880180291903365,60.21468107039182],[5.880180094012383,60.214997697856994],[5.8800603921067776,60.21505859649261],[5.879879553248644,60.21506117876332],[5.879337036674244,60.21478671038067],[5.87888493952891,60.21479279222047],[5.878794520099843,60.21474884055703],[5.87861368124171,60.21475009528674],[5.878523261812643,60.214705331904334],[5.878252003525443,60.214706757549436],[5.878161584096376,60.21466142214167],[5.877890325809176,60.21466225283232],[5.877799906380109,60.21461598190898],[5.877528648092909,60.21461513990774],[5.877485842082266,60.214590605401774],[5.877490229836816,60.21454537290675],[5.877404581392695,60.21450014041172],[5.877406683194085,60.214454907916696],[5.877317495816887,60.21440967542167],[5.877317840600273,60.21436444292665],[5.876986131518509,60.2141984299787],[5.876534034373175,60.21419842682426],[5.876443614944108,60.21424365522903],[5.876262776085975,60.2142436772141],[5.876172356656908,60.21428893695431],[5.8759915177987745,60.21428900142246],[5.875901098369708,60.214334518775864],[5.875539420653441,60.21433458321229],[5.875449001224374,60.21438035008362],[5.875238383358523,60.2142739779366],[5.875328782348027,60.214228745441574],[5.8753288179840535,60.21418351294655],[5.875509603860356,60.2140930479565],[5.8755096331479715,60.21404781546148],[5.875600018842079,60.21400258296645],[5.875600043491645,60.21395735047143],[5.875690423612212,60.213912117976406],[5.875690465239501,60.21377642049133],[5.875780837047203,60.21373118799631],[5.875780854819328,60.21368595550128],[5.875871200495841,60.21364072300626],[5.87587107835723,60.21359549051123],[5.875960554921206,60.21355025801621],[5.875959242767439,60.21350502552119],[5.876045862159397,60.21345979302616],[5.876043649725248,60.213414560531135],[5.876306875126247,60.213278863046064],[5.876306841786819,60.21323363055104],[5.876443614944108,60.213164271306276],[5.876534034373175,60.21316386322637],[5.876714873231308,60.213073163245994],[5.876805292660375,60.21307286135761],[5.876986131518509,60.21298257704198],[5.877076550947575,60.21302743034769],[5.8773478092347755,60.213027683415966],[5.877438228663842,60.213072616788295],[5.8777094869510425,60.21307287454754],[5.877850742358304,60.213143165560986],[5.87785128484964,60.21318839805601],[5.877942032326791,60.21323363055104],[5.877942397041236,60.213278863046064],[5.877852184454786,60.21332409554109],[5.877852233159357,60.21336932803611],[5.877980745238243,60.21338838914827],[5.878109356029278,60.21332409554109],[5.878109570788411,60.213278863046064],[5.87834242295451,60.21316222178308],[5.878975358957977,60.213146118711414],[5.879246617245177,60.213053132640795],[5.879698714390511,60.21294959153557],[5.879969972677711,60.212914683292766],[5.880189567405052,60.21291700308587]]}},{"type":"Feature","properties":{"depth":10,"major":false},"geometry":{"type":"LineString","coordinates":[[5.866888402811878,60.213007468075915],[5.86688851282448,60.21305270057094],[5.866978873088114,60.21309793306597],[5.866978915526952,60.21318839805601],[5.866888607827227,60.21323363055104],[5.8668885441616725,60.21332409554109],[5.86679821517145,60.21336932803611],[5.86679816405619,60.21364072300626],[5.866587897175835,60.21374597894171],[5.865864541743301,60.21374643143543],[5.865804593838349,60.21377642049133],[5.865805596138202,60.213821652986354],[5.865718462066671,60.21386688548138],[5.865720889076967,60.213912117976406],[5.865683702885168,60.21393265188117],[5.865322025168901,60.21393369420571],[5.865281671210762,60.213912117976406],[5.865374570784168,60.21386688548138],[5.865378427749863,60.213821652986354],[5.865502864027034,60.213761515929015],[5.865593283456101,60.213761515266036],[5.8656539074480465,60.21373118799631],[5.865412444597967,60.21361018092288],[5.865322025168901,60.21361013633075],[5.865231605739834,60.213564860174344],[5.8650507668817005,60.21356477377063],[5.864960347452634,60.213519535769926],[5.8647795085945,60.2135194297872],[5.8646890891654335,60.21347419474647],[5.864389988275495,60.21345979302616],[5.8643901479876055,60.213414560531135],[5.86448035621247,60.21336932803611],[5.864480953244448,60.213278863046064],[5.8645082503073,60.21326519290818],[5.864960347452634,60.213264658250935],[5.8650507668817005,60.21321947841802],[5.865141186310767,60.213219376389674],[5.865412444597967,60.21308374324823],[5.865683702885168,60.21308352612141],[5.865774122314234,60.21303836412859],[5.8660453806014345,60.21303820555297],[5.866135800030501,60.21299304167976],[5.866859155463035,60.212992886874844],[5.866888402811878,60.213007468075915]]}},{"type":"Feature","properties":{"depth":10,"major":false},"geometry":{"type":"LineString","coordinates":[[5.872404476561884,60.21214805067045],[5.872736418352372,60.212314049847],[5.873007676639572,60.21217843140323],[5.873098096068639,60.21222362576067],[5.873188515497706,60.2122236445704],[5.873218242663087,60.2122385156605],[5.873218312554904,60.21232898065055],[5.873308683092936,60.21237421314557],[5.873308693209461,60.212464678135625],[5.873188515497706,60.21252484635306],[5.873007676639572,60.212524873827235],[5.8729172572105055,60.21247964229629],[5.872465160065172,60.21247965661586],[5.872374740636105,60.212434424093495],[5.871922643490771,60.21243444113664],[5.871710497604051,60.21232898065055],[5.8717111301736,60.212193283165476],[5.871741804632638,60.21217826391599],[5.871832224061705,60.212178355675874],[5.871922643490771,60.21213318793164],[5.872374740636105,60.21213319984922],[5.872404476561884,60.21214805067045]]}},{"type":"Feature","properties":{"depth":10,"major":false},"geometry":{"type":"LineString","coordinates":[[5.879818928712996,60.211560028235134],[5.879879553248644,60.21159035577685],[5.880331650393978,60.21159038362393],[5.880602908681178,60.21172603886109],[5.880693328110245,60.21172605626006],[5.880903994883104,60.21183142320528],[5.88090592718122,60.21196712069035],[5.880998997100007,60.21201235318538],[5.881005298936536,60.212102818175424],[5.880783747539311,60.21221636561057],[5.880693328110245,60.212171613252394],[5.880150811535844,60.21217158159455],[5.879969972677711,60.212080439521024],[5.879879553248644,60.212079754699026],[5.879837803678966,60.212057585680405],[5.87984006483817,60.21201235318538],[5.8797542254450414,60.21196712069035],[5.879756927219034,60.21192188819533],[5.879939974074974,60.21183142320528],[5.8799400959345105,60.21178619071026],[5.8798497582865,60.21174095821523],[5.879849743025122,60.211650493225186],[5.879759394187958,60.21160526073016],[5.879759414895868,60.211560028235134],[5.879789133819577,60.211545168598256],[5.879818928712996,60.211560028235134]]}},{"type":"Feature","properties":{"depth":10,"major":false},"geometry":{"type":"LineString","coordinates":[[5.872133104662594,60.21142433075006],[5.872193901777972,60.21145474462512],[5.872313857776178,60.21146956324509],[5.872103482348905,60.21157484038704],[5.871893057713702,60.211560028235134],[5.871983410387106,60.21151479574011],[5.8719834705648175,60.21146956324509],[5.872103482348905,60.21140957117693],[5.872133104662594,60.21142433075006]]}},{"type":"Feature","properties":{"depth":10,"major":false},"geometry":{"type":"LineString","coordinates":[[5.869256625626093,60.210338750869475],[5.869300480047836,60.21036068912914],[5.869571738335036,60.21035946660975],[5.869662157764103,60.21040128431044],[5.869933416051303,60.21040155246521],[5.870080848974891,60.210474448354546],[5.870098128646146,60.210610145839624],[5.870029062309297,60.21065537833464],[5.870086595830186,60.210881540809766],[5.87004457574965,60.21097200579982],[5.869662157764103,60.21123104469939],[5.86948131890597,60.211285676578306],[5.869390899476903,60.2112702839328],[5.869229459739221,60.211152935779914],[5.868920264186386,60.21083630831475],[5.868848382902502,60.21083161660722],[5.868667544044369,60.21090966364872],[5.868577124615302,60.21086139478348],[5.8684867051862355,60.21085995287795],[5.868396285757169,60.21081402041036],[5.868305866328102,60.2108132054625],[5.868215446899035,60.2107671944886],[5.868125027469969,60.21076589148747],[5.868034608040902,60.21071862957778],[5.867944188611835,60.21071710428239],[5.867914347352771,60.21070061082967],[5.868004641351239,60.21065537833464],[5.868005382897163,60.210610145839624],[5.868095788862668,60.2105649133446],[5.868034608040902,60.210534307519666],[5.867944188611835,60.21053419950329],[5.867853769182768,60.21048885802935],[5.867763349753702,60.21048872439158],[5.867645088289203,60.21042921585953],[5.867853769182768,60.210324834673045],[5.867944188611835,60.21036980578886],[5.868305866328102,60.21036844016873],[5.868530387749243,60.210474448354546],[5.868533234232214,60.2105649133446],[5.868938802331569,60.21075016442674],[5.869014321603494,60.210745843324695],[5.869119641189703,60.210699546952945],[5.869150420458595,60.2105649133446],[5.869069285422443,60.21051968084957],[5.869073395949754,60.21042921585953],[5.869163588549996,60.2103839833645],[5.869164751695903,60.210338750869475],[5.869210060618769,60.21031647177728],[5.869256625626093,60.210338750869475]]}},{"type":"Feature","properties":{"depth":10,"major":false},"geometry":{"type":"LineString","coordinates":[[5.870140816192352,60.206765383762544],[5.8702046743385035,60.206797328924196],[5.87056635205477,60.20679853765956],[5.870656771483837,60.20684386023653],[5.871018449200104,60.20684540326956],[5.8711992880582375,60.20693596917323],[5.871289707487304,60.206935980010805],[5.871470546345438,60.20702642795117],[5.871581704886323,60.20703677873269],[5.871583511682256,60.207172476217764],[5.871494936248695,60.20721770871279],[5.871496431590059,60.20730817370284],[5.871407233711661,60.20735340619786],[5.871407923788668,60.20739863869289],[5.871320169414716,60.20744387118791],[5.871322504221298,60.20748910368294],[5.871289707487304,60.20750822783868],[5.8711992880582375,60.20755545026532],[5.870656771483837,60.20755900772926],[5.870379348566035,60.20771526615806],[5.870385513196637,60.20774932569922],[5.870475932625704,60.207815764348716],[5.8706626686096595,60.20789619613816],[5.870747190912904,60.207900241268405],[5.871107299184798,60.208077126118255],[5.87114803179147,60.20812235861328],[5.871182559489953,60.208212823603326],[5.871159118156233,60.20830328859338],[5.871108767238317,60.2083485210884],[5.870928029771037,60.208422206671635],[5.870656771483837,60.20847604999746],[5.8702046743385035,60.20846188428565],[5.869933416051303,60.20841330042529],[5.869662157764103,60.20831245425105],[5.869508025854869,60.208212823603326],[5.869187798097115,60.207805731148106],[5.869139083917863,60.20771526615806],[5.869131229701691,60.20762480116801],[5.869213379785321,60.20748910368294],[5.869300480047836,60.20740413076118],[5.869390899476903,60.20735467680279],[5.86942653770644,60.20721770871279],[5.869444199663323,60.20699154623767],[5.86975257719317,60.206841919045935],[5.8698429966222365,60.20684192409958],[5.869933416051303,60.206796963565225],[5.87002383548037,60.20679702837644],[5.870114254909437,60.20675225427717],[5.870140816192352,60.206765383762544]]}},{"type":"Feature","properties":{"depth":10,"major":false},"geometry":{"type":"LineString","coordinates":[[5.872214973492092,60.20735340619786],[5.8723057048669745,60.20739863869289],[5.872308815836389,60.20753433617796],[5.872193901777972,60.20754772122017],[5.872103482348905,60.20750267977072],[5.871986169077654,60.20748910368294],[5.871986869477906,60.20744387118791],[5.872078650727325,60.20739863869289],[5.872079963910713,60.20735340619786],[5.872214973492092,60.20735340619786]]}},{"type":"Feature","properties":{"depth":10,"major":false},"geometry":{"type":"LineString","coordinates":[[5.876583561806842,60.20703677873269],[5.876762584767126,60.20712724372274],[5.876671799796186,60.207172476217764],[5.876670370024927,60.20721770871279],[5.876624453802242,60.20723974089717],[5.876443614944108,60.20723909718832],[5.876399953731923,60.20721770871279],[5.876396814457234,60.20708201122772],[5.876534034373175,60.207012028041504],[5.876583561806842,60.20703677873269]]}},{"type":"Feature","properties":{"depth":20,"major":true},"geometry":{"type":"LineString","coordinates":[[5.871108868629171,60.201558493337096],[5.870656771483837,60.20155683464913],[5.8702046743385035,60.20159624612457],[5.869662157764103,60.20171666201935],[5.868757963473436,60.201833113258814],[5.8684867051862355,60.201903557722865],[5.868396285757169,60.20197027233583],[5.868372969021655,60.20201597178498],[5.868340719056651,60.20228736675513],[5.868235257905249,60.2026039942203],[5.868099379118488,60.20273969170537],[5.867944188611835,60.202812589922914],[5.867672930324635,60.2028196554515],[5.866768736033968,60.20290914706519],[5.865593283456101,60.202887671870826],[5.864960347452634,60.20293401297452],[5.864693625892478,60.20301108667552],[5.864268630927609,60.20323724915064],[5.864124090399197,60.20337294663571],[5.863949238577685,60.20359910911083],[5.863798563881658,60.20391573657601],[5.863640398741578,60.20414189905113],[5.863377263485523,60.20436806152625],[5.862529534243776,60.20495608396157],[5.862455287576557,60.205046548951614],[5.862388979871983,60.20522747893172],[5.8622963596873205,60.20536317641679],[5.861638103662365,60.20604166384216],[5.861433989719031,60.206203401151846],[5.861258233400286,60.20640352380235],[5.861002803456646,60.206855848752596],[5.860779616568457,60.207172476217764],[5.859545850693083,60.208619916058545],[5.859459449579714,60.20875561354362],[5.859268580028759,60.20898177601874],[5.859141645679973,60.20920793849386],[5.858818534978731,60.20966026344411],[5.85869996994715,60.2100221234043],[5.85867271745148,60.21024828587942],[5.858596204111103,60.2105649133446],[5.85857508755737,60.21079107581972],[5.858470445035636,60.21101723829484],[5.858285364791029,60.21133386576001],[5.857991615859184,60.21160526073016],[5.85738086738209,60.2122385156605],[5.85723041241742,60.21250991063065],[5.857126115693049,60.21291700308587],[5.856933023170558,60.21318839805601],[5.856603861387468,60.21345979302616],[5.8561896628331604,60.21365878043554],[5.85591840454596,60.21372950163244],[5.85564714625876,60.21375814797442],[5.855195049113426,60.21378226583886],[5.854833371397159,60.21376926823582],[5.854200435393692,60.2136307087027],[5.853477079961158,60.21342714553489],[5.853024982815826,60.21336678570011],[5.8520303690960915,60.21328425714585],[5.85142752016624,60.21318839805601],[5.85060432050802,60.213007468075915],[5.850122341748528,60.212871770590844],[5.849679463940356,60.212718208622206],[5.849227366795023,60.21251858225057],[5.848775269649689,60.21223902635514],[5.848594430791556,60.21216990536921],[5.848051914217155,60.21211975171818],[5.847871075359022,60.212141558808206],[5.8475998170718215,60.21221120393542],[5.847328558784621,60.212195262420806],[5.846985785925271,60.212102818175424],[5.846695622781154,60.2119848379019],[5.846153106206754,60.21181360244695],[5.845881847919554,60.211761473062296],[5.845068073057953,60.21166431962183],[5.844163878767286,60.211413837986626],[5.843892620480085,60.21137201216701],[5.8435309427638185,60.21137225228717],[5.842536329044084,60.2114528129229],[5.84127045703715,60.211673396078496],[5.840818359891816,60.21177916679301],[5.840495144861056,60.21192188819533],[5.840186339729528,60.212102818175424],[5.840072287098505,60.21228374815553],[5.840075686948486,60.21250991063065],[5.840185423888349,60.21273951278397],[5.840366262746483,60.21299038454097],[5.840724673083464,60.21336932803611],[5.84099919874995,60.21355679991371],[5.841360876466217,60.21363966797551],[5.842265070756884,60.21366106172449],[5.842717167902218,60.213740313856405],[5.842988426189418,60.213832932130956],[5.843440523334752,60.21405222034888],[5.844163878767286,60.214232223177895],[5.844344717625419,60.214319899832674],[5.844615975912619,60.21453743462921],[5.844726050375133,60.214590605401774],[5.845520170203287,60.214723163682],[5.845881847919554,60.214835061850614],[5.8462435256358205,60.21503976629582],[5.8464841871897795,60.21531432532216],[5.846695622781154,60.21545509765358],[5.847147719926488,60.215564879054476],[5.847690236500888,60.2156084975848],[5.848684850220622,60.21575693950316],[5.849408205653156,60.21592985461264],[5.850221801027988,60.21621897522265],[5.850945335947291,60.21656115824972],[5.851625360751199,60.216987927638066],[5.851753606678224,60.217123625123136],[5.8518188268645615,60.21730455510323],[5.851736576352186,60.21771164755846],[5.851860674127635,60.217937810033575],[5.852370839337333,60.21839013498382],[5.852563865898735,60.2185258324689],[5.8526882743444935,60.21866152995397],[5.85290626557548,60.218842459934066],[5.85305630597028,60.21906862240919],[5.853224446394823,60.21938524987436],[5.853386660532092,60.21956152889448],[5.853657918819292,60.21974335141439],[5.853929177106492,60.21984681785624],[5.854652532539026,60.22006262533669],[5.856115758960026,60.22042559725992],[5.856551340549427,60.220554585562894],[5.857003437694761,60.22065193354346],[5.8571842765528945,60.220668686141025],[5.857455534840095,60.22065839861062],[5.857647207262237,60.22060652724002],[5.857801656807277,60.22051606224997],[5.858008452955088,60.22024466727982],[5.858150926381187,60.22010896979475],[5.858359729130762,60.220049034463685],[5.8585405679888956,60.22006049512566],[5.859354342850496,60.22031368992828],[5.86034895657023,60.220412812663355],[5.861162731431831,60.22053608199153],[5.861886086864365,60.220681279921116],[5.862338184009698,60.22079896136863],[5.862849470537239,60.220968387200216],[5.863242378300366,60.22113405429622],[5.863513636587566,60.22119964348799],[5.863784894874766,60.22122960926446],[5.864417830878233,60.221249919805146],[5.8647795085945,60.2212992787231],[5.865593283456101,60.221464617155746],[5.865954961172368,60.22150770477825],[5.8664070583177015,60.22151529291773],[5.866768736033968,60.221549832846705],[5.867039994321169,60.221607396934715],[5.867492091466501,60.22175434882714],[5.867763349753702,60.221808553159576],[5.868577124615302,60.22182155718403],[5.869390899476903,60.22187149547882],[5.869933416051303,60.2219981854978],[5.8702046743385035,60.22208604661662],[5.870489636086145,60.2222348970609],[5.870672456655209,60.22237059454597],[5.870799257938513,60.22250629203104],[5.87097700184499,60.22282291949622],[5.871013129412264,60.22304908197134],[5.87110298344145,60.22327524444646],[5.871209628299165,60.22341094193153],[5.87152775667023,60.223637104406656],[5.872364580498751,60.2240894293569],[5.873098096068639,60.22453762829708],[5.873390820545079,60.224948846762366],[5.873731032072106,60.22521876065149],[5.8745167207844435,60.22562733418773],[5.875159143057227,60.22603442664295],[5.875365100541632,60.22621535662305],[5.875615053791865,60.22648675159319],[5.875917518903301,60.22689384404841],[5.876262776085975,60.22709527765362],[5.876624453802242,60.22715872911274],[5.877438228663842,60.227159851856754],[5.877980745238243,60.22720361391607],[5.87834242295451,60.22728524802195],[5.878794520099843,60.22734327346072],[5.879789133819577,60.22740170812441],[5.880241230964911,60.22739773461038],[5.880693328110245,60.22744904176915],[5.881416683542778,60.22746355244271],[5.882140038975312,60.227505591096694],[5.883134652695046,60.22762180798845],[5.884590387729614,60.227979423929],[5.885123880134514,60.228180574277914],[5.885485557850781,60.228386836915384],[5.885756816137981,60.22848687782542],[5.8862881025326255,60.228567446364316],[5.8869322687158485,60.228607280246855],[5.887655624148382,60.228735194870666],[5.888017301864649,60.22883447659726],[5.888692432935457,60.22915546879963],[5.889005198261023,60.229381631274755],[5.88937359330065,60.22960403350116],[5.8896697911506175,60.22969825873993],[5.8900065293041175,60.229865013785805],[5.890187368162251,60.229916125025944],[5.890458626449451,60.22995370150278],[5.890820304165718,60.229966940266046],[5.892398165856085,60.22996965371008],[5.89299037046332,60.23004779881197],[5.893623306466787,60.230230266258076],[5.894075403612121,60.23040860636258],[5.894288565809361,60.23051244365037],[5.894588811238584,60.23073860612549],[5.894708339615587,60.230777696878725],[5.89488917847372,60.23075914839664],[5.895612533906254,60.2305244623444],[5.896245469909721,60.230346876822736],[5.8965167281969215,60.23030599432747],[5.896697567055055,60.230316393781855],[5.896835476879051,60.2303767461653],[5.896974685683836,60.23051244365037],[5.896997450538563,60.230557676145395],[5.897005469415625,60.230693373630466],[5.897041881642333,60.23078383862052],[5.897146144148905,60.23091953610559],[5.897240083629455,60.23096853429652],[5.8978730196329225,60.23104442925361],[5.898325116778256,60.231037087570655],[5.898958052781723,60.23111378864336],[5.899229311068924,60.231184409751855],[5.899576146606701,60.231371861055834],[5.899791066375286,60.23159802353096],[5.8998244215072955,60.231688488521],[5.8998741703594915,60.232321743451344],[5.899959596386501,60.23263837091652],[5.900044567755958,60.23277406840159],[5.900351003865786,60.233090695866764],[5.9006153455718335,60.23327162584686],[5.900789717919659,60.23345255582696],[5.9009472802211915,60.233679537728825],[5.90109997103646,60.23395011327222],[5.901485294510697,60.23476429818267],[5.901504452491632,60.23489999566774],[5.901566289313613,60.235080925647836],[5.901542839746023,60.23526185562793],[5.9015451426679055,60.235488018103055],[5.901595802162246,60.23571418057818],[5.901697571724415,60.23580464556823],[5.902139895215052,60.23598557554833],[5.902484623983486,60.23621173802345],[5.903147909993955,60.23693545794384],[5.903272404016665,60.23711638792393],[5.9036833330203295,60.23756871287418],[5.904107327338438,60.23784010784433],[5.904654476812928,60.23809219519559],[5.905000706230389,60.23829243279457],[5.905181921353906,60.238563827764715],[5.9052534276078115,60.23883522273486],[5.9053466780688355,60.238925687724915],[5.9055143907676015,60.23901615271496],[5.906282026536129,60.23925495360708],[5.906553284823329,60.239368007554276],[5.907486090697309,60.239875570120425],[5.907698890761017,60.240011267605496],[5.908160051175196,60.24023743008062],[5.908632931691863,60.240545426204726],[5.90931648787951,60.24087068501096],[5.9097639164582025,60.24114207998111],[5.910079642556931,60.24147781492405],[5.910379219225001,60.241730102416426],[5.9105317397022645,60.24189406717731],[5.910933398431314,60.242137194871646],[5.911275159470087,60.242272892356716],[5.911707192280132,60.242401369592166],[5.912068869996399,60.24245994212041],[5.912882644858,60.24252105477507],[5.913244322574267,60.24246918698084],[5.913334742003333,60.24243084363418],[5.913353440414914,60.24236335734677],[5.9133319522426255,60.24231812485174],[5.913000674029514,60.2420467298816],[5.912748548126513,60.24177533491145],[5.9122497088545325,60.241159172915935],[5.911835177842242,60.240689755030864],[5.911435933992932,60.24044408354506],[5.910802997989465,60.24016603261782],[5.910441320273198,60.23997210131502],[5.909989223127864,60.23967073804068],[5.90963431140465,60.239332780180135],[5.909285811657306,60.238925687724915],[5.908136446447042,60.23788534033935],[5.907354297596545,60.23725208540901],[5.907011903669281,60.23689022544881],[5.906574530596171,60.23661883047867],[5.906191607107062,60.23644481020516],[5.905845129473303,60.23625697051847],[5.905613450112924,60.23607604053837],[5.905397845442203,60.23584987806325],[5.905282435740458,60.23566894808315],[5.905209741049918,60.235397553113],[5.905270247202992,60.23512615814286],[5.905447018578434,60.234673833192616],[5.905540877943657,60.23431197323242],[5.905603736800116,60.234176275747345],[5.905656875550915,60.233226393351835],[5.905698683968744,60.23313592836178],[5.905780146650802,60.23304546337174],[5.9057471941018935,60.23300023087671],[5.905751548309167,60.23286453339164],[5.905663585433839,60.232819300896615],[5.905649090532662,60.23214477326569],[5.904835315671061,60.23199444263864],[5.904654476812928,60.231932392851725],[5.904561801646123,60.2318694185011],[5.904498941041119,60.23177895351105],[5.90447094363571,60.23164325602598],[5.904580091935382,60.231236163570756],[5.904586922615432,60.23114569858071],[5.904544258094491,60.23105523359066],[5.904385651255157,60.23091953610559],[5.903101143015477,60.230195816185194],[5.902372872926941,60.229743491234956],[5.902032968809059,60.22951732875983],[5.901489796795592,60.229081622513625],[5.901128119079325,60.22883746005578],[5.900136404995042,60.22834128388919],[5.898862581960467,60.227888958938955],[5.898415536207323,60.227718174083726],[5.897782600203856,60.22743518946826],[5.8968784059131885,60.22710969144882],[5.895522114477187,60.226813732485425],[5.894822080995723,60.226577216583244],[5.894262052313698,60.226305821613096],[5.894075403612121,60.22623690820275],[5.893171209321453,60.22609975931666],[5.892742953057297,60.22598919414793],[5.891544714727647,60.22553686919768],[5.891091562452918,60.22532159695923],[5.890861139749215,60.22517500923749],[5.89026597534416,60.224858381772314],[5.8901550438979635,60.22476791678227],[5.890023382655729,60.224586986802166],[5.889997735530147,60.22449652181212],[5.890035807476613,60.22436082432705],[5.890099556112615,60.224270359337],[5.890208953839168,60.224179894346946],[5.890803515436658,60.22386326688178],[5.890829313244275,60.22381803438675],[5.890820304165718,60.223755555678885],[5.890549045878518,60.22352700667906],[5.890277787591318,60.22336605639664],[5.890087519168309,60.22327524444646],[5.889214758691231,60.22295861698129],[5.889077854281414,60.22286815199124],[5.889046360324466,60.22277768700119],[5.88910233501345,60.222687568182884],[5.88917603531846,60.22264198951612],[5.889916109875051,60.222309253497386],[5.89048802090872,60.221918269595726],[5.890841080245042,60.22173733961563],[5.890891725057916,60.2216921071206],[5.890877482756537,60.221646874625584],[5.890820304165718,60.22164551283741],[5.890729884736651,60.221599937081265],[5.890639465307585,60.22159790242492],[5.890549045878518,60.22155375289264],[5.890458626449451,60.22155258606377],[5.890368207020384,60.22151714115556],[5.889814377406329,60.22142071215046],[5.889696433304944,60.221375479655435],[5.889583830049676,60.22128501466538],[5.88954559626826,60.22119454967534],[5.889561687710862,60.22105885219026],[5.889622088960506,60.220968387200216],[5.889915260532727,60.22069699223007],[5.889926228841725,60.22060652724002],[5.889916109875051,60.22055870112845],[5.889825690445984,60.220446462468324],[5.889554432158784,60.22025244021256],[5.889416792924267,60.2201994347848],[5.889283173871584,60.22018146440694],[5.888740657297183,60.22023791376547],[5.888658160381184,60.2201994347848],[5.888644558073027,60.22010896979475],[5.888614505635654,60.220063737299725],[5.888469399009983,60.2199709966628],[5.887655624148382,60.21969028651746],[5.8872939464321155,60.21961536185909],[5.886745337224953,60.21961141234948],[5.885485557850781,60.219765901698075],[5.885029190695934,60.21974710983456],[5.884758789036861,60.219656644844505],[5.88421830620635,60.21934001737934],[5.883948427556646,60.21921779586842],[5.883677169269446,60.219166604354065],[5.883134652695046,60.21914879661965],[5.882742668304075,60.21906862240919],[5.882568207307548,60.21897815741914],[5.882358201901475,60.21875199494402],[5.882243554478671,60.21848059997387],[5.882248442615706,60.21839013498382],[5.882294837809343,60.218299669993776],[5.883315491553179,60.2173800355939],[5.883586749840379,60.21719847787651],[5.8838580081275795,60.21709400875849],[5.8842196858438465,60.21701624474916],[5.88494304127638,60.21693238003367],[5.8852142995635806,60.21682036580113],[5.8855008142228975,60.216580835182846],[5.886024691997405,60.21621897522265],[5.886661010428648,60.21568349529349],[5.8869753206727085,60.21540479031221],[5.887141444619238,60.21517862783709],[5.887030642610878,60.215133395342065],[5.887031099024013,60.21495246536197],[5.886942162056109,60.21490723286694],[5.886941961782709,60.214862000371916],[5.886853405761979,60.21481676787689],[5.886853131841042,60.214726302886845],[5.886764832654453,60.21468107039182],[5.886764761898466,60.21463583789679],[5.886677232043771,60.214590605401774],[5.886678248028979,60.21450014041172],[5.886766504287832,60.214454907916696],[5.886768656522709,60.214319210431626],[5.886856966669968,60.2142739779366],[5.886857727770176,60.214228745441574],[5.886946082831849,60.21418351294655],[5.886947178361898,60.21413828045153],[5.887022688144915,60.21409995818831],[5.887113107573982,60.21414262207847],[5.88724373884648,60.21413828045153],[5.887776018729324,60.21364072300626],[5.887935387362844,60.21345979302616],[5.8879608186099235,60.21336932803611],[5.88794968006255,60.213278863046064],[5.887671230067798,60.212871770590844],[5.887558570494671,60.212600375620696],[5.887582833171774,60.21250991063065],[5.8876621262393245,60.2124194456406],[5.887746043577449,60.21236452035958],[5.888017301864649,60.21227130626057],[5.888056283597589,60.2122385156605],[5.888060030016269,60.212193283165476],[5.88800734728029,60.212102818175424],[5.887890250374519,60.21201235318538],[5.8872939464321155,60.21177446393565],[5.887149493035986,60.211695725720205],[5.887022688144915,60.211582866720775],[5.88691362291848,60.21137909825504],[5.886936871981026,60.211152935779914],[5.88690835464363,60.21097200579982],[5.886912898420893,60.21083630831475],[5.886944832050741,60.210745843324695],[5.887022688144915,60.21068649479262],[5.887655624148382,60.21049724544381],[5.887791410321798,60.21042921585953],[5.887893866173852,60.210338750869475],[5.887939326090177,60.21024828587942],[5.887940648621718,60.21006735589933],[5.887746043577449,60.20984941334934],[5.887474785290249,60.20966701375258],[5.8872939464321155,60.209604722711035],[5.886299332712381,60.209634349858916],[5.886118493854248,60.20969522551199],[5.885869031445375,60.209841193424204],[5.885788789003855,60.209931658414256],[5.885712909382863,60.21011258839435],[5.885647600120964,60.210203053384404],[5.885504514053012,60.210338750869475],[5.885395138421714,60.21039458751946],[5.885033460705447,60.21047486409741],[5.8842196858438465,60.210494249611216],[5.883948427556646,60.210482293151685],[5.883044233265979,60.210358834750046],[5.881507102971844,60.20999546701574],[5.880722647493026,60.209841193424204],[5.880594250593304,60.209795960929185],[5.880511063842001,60.20975072843416],[5.880420893176442,60.20966026344411],[5.880375743353423,60.209434100968984],[5.880203177496178,60.20898177601874],[5.880154383680986,60.20875561354362],[5.879938584513885,60.208484218573474],[5.87945693703925,60.20803189362323],[5.879203790245931,60.20785096364313],[5.87834242295451,60.207365235936585],[5.877799906380109,60.20713839110289],[5.8751590598930195,60.20658445378245],[5.874363968075573,60.20634136267102],[5.873640612643039,60.20595818572527],[5.873088527146253,60.205544106396886],[5.872767386970404,60.20531794392176],[5.872374740636105,60.20508220001749],[5.872193901777972,60.20493699528907],[5.872013062919838,60.2047343118225],[5.871868626791447,60.2044585265163],[5.8718438868517335,60.20432282903123],[5.871822345067462,60.20378003909093],[5.871832799430121,60.203689574100885],[5.871926483395133,60.20346341162576],[5.872239091567762,60.20292062168547],[5.8722427891563775,60.202784924200394],[5.872099410224432,60.202468296735226],[5.872047768697024,60.20228736675513],[5.871952652334042,60.20210643677503],[5.871753963876691,60.201835041804884],[5.8715609657745045,60.20171383956769],[5.871289707487304,60.2015999519635],[5.871108868629171,60.201558493337096]]}},{"type":"Feature","properties":{"depth":20,"major":true},"geometry":{"type":"LineString","coordinates":[[5.8913628207401185,60.222098900799416],[5.891181981881985,60.22209973204263],[5.891093048943491,60.22214443207085],[5.891063135613999,60.222189664565875],[5.891068419748745,60.2222348970609],[5.891178204711282,60.222325362050945],[5.891272401311052,60.222349139788],[5.8913628207401185,60.222346602764816],[5.891453240169185,60.22231485938618],[5.891512934094339,60.2222348970609],[5.89150429836734,60.222189664565875],[5.891465785511769,60.22214443207085],[5.8913628207401185,60.222098900799416]]}},{"type":"Feature","properties":{"depth":20,"major":true},"geometry":{"type":"LineString","coordinates":[[5.869287668964309,60.210338750869475],[5.869933416051303,60.21037544630364],[5.870114254909437,60.210447117197276],[5.8702647412356,60.2105649133446],[5.870364916565453,60.210881540809766],[5.870328545112555,60.21137909825504],[5.870390992377344,60.21160526073016],[5.870417062377632,60.21201235318538],[5.8705016714549485,60.212193283165476],[5.870487704354976,60.21237421314557],[5.870651753151273,60.212600375620696],[5.870747190912904,60.212603180240436],[5.870928029771037,60.212516262680026],[5.871018449200104,60.21256135591246],[5.871741804632638,60.21257448010541],[5.871832224061705,60.21252995359787],[5.872374740636105,60.212530178629414],[5.872465160065172,60.21257541155688],[5.872645998923305,60.21257542396955],[5.872736418352372,60.21262066474275],[5.873007676639572,60.21262066965629],[5.873098096068639,60.21266591679603],[5.873188515497706,60.212665945822515],[5.873369354355839,60.21275641811869],[5.873731032072106,60.212756473060196],[5.87387116274943,60.21282653809582],[5.873871214494365,60.212871770590844],[5.873961613908857,60.21291700308587],[5.873961652630373,60.21296223558089],[5.874052048092218,60.213007468075915],[5.874052083168819,60.21305270057094],[5.874142475120968,60.21309793306597],[5.8741425101065925,60.213143165560986],[5.874232898458354,60.21318839805601],[5.874232932670787,60.21323363055104],[5.87432331003992,60.213278863046064],[5.87432333925062,60.21332409554109],[5.874413686889276,60.21336932803611],[5.874413738971526,60.21355025801621],[5.874504071970092,60.21359549051123],[5.87450403191812,60.213821652986354],[5.874413690349831,60.21386688548138],[5.874413612200705,60.21404781546148],[5.874323513276258,60.2140930479565],[5.874341672337186,60.214454907916696],[5.87425657033709,60.21450014041172],[5.874266074497926,60.21468107039182],[5.8742735486465065,60.214724753834425],[5.874415007111153,60.21481676787689],[5.874544806933707,60.21495928735895],[5.87472564579184,60.21507049379169],[5.874816065220907,60.215086073515444],[5.8749508426666335,60.21504293035201],[5.875205187874111,60.21477153538187],[5.875358581795307,60.21468921498377],[5.875539420653441,60.214639485961264],[5.875720259511574,60.214626877213654],[5.876805292660375,60.214646548719486],[5.877890325809176,60.21470026094728],[5.878161584096376,60.214756239144826],[5.8787041006707765,60.21495259098395],[5.879158734954759,60.215269092827135],[5.879326515247839,60.21545002280723],[5.879517875532377,60.215725885834345],[5.879789133819577,60.21628029128263],[5.879857240216988,60.216490370192794],[5.8798483082277295,60.216897462648014],[5.879776023825111,60.216987927638066],[5.879698714390511,60.21703356552508],[5.879608294961444,60.21705267530098],[5.87942745610331,60.2170608064198],[5.879030194632582,60.21703316013309],[5.878542817624759,60.21694269514304],[5.877765719731512,60.21676176516294],[5.876443614944108,60.2164084362801],[5.875810678940641,60.216301624069466],[5.875358581795307,60.216303410236684],[5.87499690407904,60.216377954918116],[5.87419771322726,60.21671653266792],[5.873421369270045,60.216897462648014],[5.871832224061705,60.217122141496816],[5.870475932625704,60.21719811211474],[5.869933416051303,60.217267046733944],[5.86975257719317,60.21733905418071],[5.869687695422793,60.217395020093285],[5.869692183549609,60.21748548508334],[5.8697919296274295,60.21771164755846],[5.869778856726819,60.21775688005348],[5.869662157764103,60.217791889339196],[5.868848382902502,60.217772569816695],[5.868530368668178,60.21771164755846],[5.868472988104926,60.217666415063434],[5.868503645824818,60.21762118256841],[5.868867248041419,60.217395020093285],[5.868894136389972,60.21734978759826],[5.868876561075767,60.21730455510323],[5.868757963473436,60.21725272977064],[5.868179104515057,60.217123625123136],[5.868034608040902,60.21705937642139],[5.867937945799854,60.216987927638066],[5.867785744940995,60.21676176516294],[5.8675655647128355,60.2161285102326],[5.8673527573549915,60.215676185282355],[5.867040572126108,60.21540479031221],[5.866570724316627,60.21517862783709],[5.8664352315370225,60.21504293035201],[5.866374449318495,60.21490723286694],[5.866399087680065,60.21481676787689],[5.86646327740018,60.214726302886845],[5.866764337046167,60.21454537290675],[5.867614194863893,60.214228745441574],[5.868017046798885,60.21413828045153],[5.867956250461715,60.2140930479565],[5.867965110134862,60.21400258296645],[5.867533061688201,60.21377642049133],[5.867533344784395,60.21364072300626],[5.867623627544855,60.21359549051123],[5.867623775338328,60.21350502552119],[5.867714088759022,60.21345979302616],[5.867714203180803,60.213414560531135],[5.867763349753702,60.21338997107234],[5.867853769182768,60.213389908281414],[5.867944188611835,60.21334470819936],[5.868034608040902,60.21334465496471],[5.868215446899035,60.213254231340265],[5.868305866328102,60.21325416201469],[5.8684867051862355,60.21316304169231],[5.868667544044369,60.21315982106263],[5.868757963473436,60.21311196499557],[5.868938802331569,60.21310740007578],[5.869029221760636,60.21306114086876],[5.869119641189703,60.213059795585934],[5.869210060618769,60.21301352563687],[5.869381380530609,60.213007468075915],[5.869300480047836,60.212737278854874],[5.869147047577678,60.212464678135625],[5.869073488805464,60.21237421314557],[5.868938802331569,60.21226872305586],[5.86847098841227,60.212057585680405],[5.868377969660779,60.21196712069035],[5.868395976690934,60.21160526073016],[5.868506901192955,60.21137909825504],[5.868638155924323,60.21092677330479],[5.868577124615302,60.21087811909597],[5.8684867051862355,60.210875715920075],[5.868396285757169,60.210829316804116],[5.868305866328102,60.21082795855769],[5.868215446899035,60.21078142859786],[5.868125027469969,60.21077925692932],[5.868034608040902,60.21073064207651],[5.867944188611835,60.21072809991753],[5.867894453180062,60.21070061082967],[5.86798466355813,60.21065537833464],[5.867985899468003,60.210610145839624],[5.868076296457801,60.2105649133446],[5.868034608040902,60.21054405863307],[5.867944188611835,60.210543878605776],[5.867853769182768,60.210498464479215],[5.867763349753702,60.21049824174961],[5.867626526932248,60.21042921585953],[5.867853769182768,60.21031555720875],[5.867944188611835,60.21036035407176],[5.868305866328102,60.21035807803821],[5.868559509457915,60.210474448354546],[5.868564253596199,60.2105649133446],[5.868757963473436,60.21065825421941],[5.868848382902502,60.21065639972533],[5.8690317023806475,60.2105649133446],[5.869042565789788,60.21042921585953],[5.869132607170814,60.2103839833645],[5.869134545747325,60.210338750869475],[5.869210060618769,60.210301619049154],[5.869287668964309,60.210338750869475]]}},{"type":"Feature","properties":{"depth":20,"major":true},"geometry":{"type":"LineString","coordinates":[[5.880806022476245,60.21255514312567],[5.880929873418149,60.212600375620696],[5.881068342925482,60.21269084061075],[5.881204458289623,60.21291700308587],[5.881254388364295,60.21305270057094],[5.8812316199817545,60.21332409554109],[5.881172054977837,60.21345979302616],[5.881069435278347,60.21355025801621],[5.880874166968377,60.21364456423905],[5.880602908681178,60.21371545543675],[5.880590239028807,60.21404781546148],[5.880783747539311,60.21414704664696],[5.880874166968377,60.214148287988756],[5.8810211907596806,60.214228745441574],[5.880874166968377,60.214298839058365],[5.880602908681178,60.21429867619081],[5.880471352175393,60.21436444292665],[5.8804712199911435,60.21440967542167],[5.880380854279433,60.214454907916696],[5.88038074253342,60.21450014041172],[5.8802904194902395,60.21454537290675],[5.880290229542768,60.21463583789679],[5.880199945481713,60.21468107039182],[5.880199615663408,60.214997697856994],[5.8800603921067776,60.215069040586336],[5.879879553248644,60.21507334437086],[5.879337036674244,60.21479682704654],[5.87888493952891,60.21480696344621],[5.878794520099843,60.21476386567048],[5.87861368124171,60.214765956886666],[5.878523261812643,60.21472150624601],[5.878252003525443,60.214723882321174],[5.878161584096376,60.21467847830491],[5.877890325809176,60.21467986278933],[5.877799906380109,60.21463289958045],[5.877528648092909,60.214631496245055],[5.877457304741838,60.214590605401774],[5.877464617666087,60.21454537290675],[5.8773821498785965,60.21450014041172],[5.877385652880914,60.214454907916696],[5.877297286871628,60.21440967542167],[5.877297861510605,60.21436444292665],[5.876986131518509,60.214208374666796],[5.876534034373175,60.214208369409405],[5.876443614944108,60.214253595087335],[5.876262776085975,60.214253631729115],[5.876172356656908,60.21429890963279],[5.8759915177987745,60.214299017079696],[5.875901098369708,60.21434472433869],[5.875539420653441,60.21434483173273],[5.875449001224374,60.21439095485494],[5.875218530686712,60.2142739779366],[5.875308916049841,60.214228745441574],[5.875308975443218,60.21418351294655],[5.8754897259983,60.2140930479565],[5.875489774810992,60.21404781546148],[5.875580138015128,60.21400258296645],[5.875580179097738,60.21395735047143],[5.875670533012636,60.213912117976406],[5.875670602391452,60.21377642049133],[5.875760942451579,60.21373118799631],[5.875760972071786,60.21368595550128],[5.875851268579932,60.21364072300626],[5.875851065015579,60.21359549051123],[5.875939913002827,60.21355025801621],[5.875937726079882,60.21350502552119],[5.876021812113767,60.21345979302616],[5.876018124723519,60.213414560531135],[5.87627599486705,60.213278863046064],[5.876275939301339,60.21323363055104],[5.876443614944108,60.21314818680645],[5.876534034373175,60.21314750667328],[5.876714873231308,60.213056650032684],[5.876805292660375,60.21305614688537],[5.876986131518509,60.21296598301935],[5.877076550947575,60.21301058353218],[5.8773478092347755,60.21301100531265],[5.877438228663842,60.21305573926985],[5.8777094869510425,60.2130561688686],[5.877884633010434,60.213143165560986],[5.87788553716266,60.21318839805601],[5.877976503338535,60.21323363055104],[5.877977111195944,60.213278863046064],[5.877887036504571,60.21332409554109],[5.8778871176788545,60.21336932803611],[5.877980745238243,60.213370941559695],[5.878074537317881,60.21332409554109],[5.8780748952497675,60.213278863046064],[5.87834242295451,60.21314477093446],[5.878396089702223,60.213143165560986],[5.878523261812643,60.21305753143883],[5.87888493952891,60.21293461239246],[5.879293080517863,60.212736073105766],[5.879608294961444,60.21263354313927],[5.8800603921067776,60.212533705101954],[5.880602908681178,60.21252871388314],[5.880806022476245,60.21255514312567]]}},{"type":"Feature","properties":{"depth":20,"major":true},"geometry":{"type":"LineString","coordinates":[[5.866907901044441,60.213007468075915],[5.866908084398776,60.21305270057094],[5.86699840521879,60.21309793306597],[5.866998475950185,60.21318839805601],[5.866908242736689,60.21323363055104],[5.866908136627432,60.21332409554109],[5.866817867929771,60.21336932803611],[5.866817782737672,60.21364072300626],[5.866587897175835,60.21375583957198],[5.865864541743301,60.213756593728185],[5.86582490818776,60.21377642049133],[5.865826578687513,60.213821652986354],[5.8657416348543405,60.21386688548138],[5.8657456798715,60.213912117976406],[5.865683702885168,60.213946341151015],[5.865322025168901,60.21394807835858],[5.865254768572003,60.213912117976406],[5.865349321574969,60.21386688548138],[5.865355749851127,60.213821652986354],[5.865502864027034,60.213751579554135],[5.865593283456101,60.21375157844917],[5.865634043823299,60.21373118799631],[5.865412444597967,60.213619974530644],[5.865322025168901,60.213619900210425],[5.865231605739834,60.21357459494644],[5.8650507668817005,60.213574450940236],[5.864960347452634,60.21352920926908],[5.8647795085945,60.21352903263121],[5.8646890891654335,60.213483795893346],[5.864417830878233,60.21348335326195],[5.864371426540337,60.21345979302616],[5.864371692727188,60.213414560531135],[5.86446176014925,60.21336932803611],[5.864462755202547,60.213278863046064],[5.8645082503073,60.213256079482925],[5.864960347452634,60.21325518838752],[5.8650507668817005,60.21321004366267],[5.865141186310767,60.21320987361543],[5.865412444597967,60.213074283369735],[5.865683702885168,60.213073921491706],[5.865774122314234,60.21302880650036],[5.8660453806014345,60.21302854220765],[5.866135800030501,60.21298342408232],[5.866859155463035,60.212983166074125],[5.866907901044441,60.213007468075915]]}},{"type":"Feature","properties":{"depth":20,"major":true},"geometry":{"type":"LineString","coordinates":[[5.872424300512402,60.21214805067045],[5.872736418352372,60.21230409597797],[5.873007676639572,60.212168530228396],[5.873098096068639,60.21221369916079],[5.873188515497706,60.21221373051033],[5.87323806077334,60.2122385156605],[5.8732381772597035,60.21232898065055],[5.873328515203711,60.21237421314557],[5.873328532064587,60.212464678135625],[5.873188515497706,60.21253480350134],[5.873007676639572,60.21253484929162],[5.8729172572105055,60.212489618403396],[5.872465160065172,60.212489642269354],[5.872374740636105,60.21244440972876],[5.871922643490771,60.21244443813399],[5.8716896262516585,60.21232898065055],[5.8716906805342415,60.212193283165476],[5.871741804632638,60.21216825108299],[5.871832224061705,60.21216840401613],[5.871922643490771,60.2121232794391],[5.872374740636105,60.21212329930173],[5.872424300512402,60.21214805067045]]}},{"type":"Feature","properties":{"depth":20,"major":true},"geometry":{"type":"LineString","coordinates":[[5.879838791975274,60.211560028235134],[5.879879553248644,60.21158041914131],[5.880331650393978,60.211580465553105],[5.880602908681178,60.21171609262499],[5.880693328110245,60.21171612162328],[5.880923880159588,60.21183142320528],[5.880927100656448,60.21196712069035],[5.881021937568382,60.21201235318538],[5.881032440629264,60.212102818175424],[5.880783747539311,60.212231753907304],[5.880693328110245,60.21218732164035],[5.880150811535844,60.21218726887729],[5.879969972677711,60.21209567541477],[5.879879553248644,60.21209453404477],[5.879809970632514,60.212057585680405],[5.879813739231188,60.21201235318538],[5.8797309531953506,60.21196712069035],[5.879735456152005,60.21192188819533],[5.879919975006483,60.21183142320528],[5.879920178105711,60.21178619071026],[5.879829894978405,60.21174095821523],[5.879829869542775,60.211650493225186],[5.879739567766878,60.21160526073016],[5.879739602280062,60.211560028235134],[5.879789133819577,60.211535262173676],[5.879838791975274,60.211560028235134]]}},{"type":"Feature","properties":{"depth":20,"major":true},"geometry":{"type":"LineString","coordinates":[[5.872152852871721,60.21142433075006],[5.872333548822271,60.21146956324509],[5.872103482348905,60.21158471515497],[5.871922643490771,60.21158471169642],[5.871873333862322,60.211560028235134],[5.87196364203195,60.21151479574011],[5.871963742328136,60.21146956324509],[5.872103482348905,60.21139973146151],[5.872152852871721,60.21142433075006]]}},{"type":"Feature","properties":{"depth":20,"major":true},"geometry":{"type":"LineString","coordinates":[[5.870158523714296,60.206765383762544],[5.8702046743385035,60.20678847070195],[5.87056635205477,60.20679048526089],[5.870656771483837,60.206835867892494],[5.871018449200104,60.20683843961421],[5.8711992880582375,60.20692907279363],[5.871289707487304,60.20692909085625],[5.871470546345438,60.207019527430155],[5.871595530960867,60.20703677873269],[5.871598542287423,60.207172476217764],[5.8715111961841995,60.20721770871279],[5.871513688419808,60.20730817370284],[5.871425304908522,60.20735340619786],[5.871426455036866,60.20739863869289],[5.8713404773663225,60.20744387118791],[5.871344368710626,60.20748910368294],[5.871289707487304,60.20752097727584],[5.8711992880582375,60.20756952632356],[5.870656771483837,60.20757545543013],[5.87056381604131,60.20762480116801],[5.87056635205477,60.207645102950735],[5.870679424984546,60.20771526615806],[5.871130367315969,60.20789619613816],[5.871728821082952,60.208212823603326],[5.871796842453336,60.20830328859338],[5.871794128665726,60.2083485210884],[5.871741804632638,60.20841879054283],[5.8715609657745045,60.20853066020379],[5.871227026938319,60.20866514855357],[5.870837610341971,60.20875914756687],[5.87056635205477,60.20877625293495],[5.869933416051303,60.20870587941206],[5.869300480047836,60.2085362855408],[5.86905374860665,60.20843898607845],[5.86873851063702,60.20825805609835],[5.868676051122138,60.2081675911083],[5.8686167607679876,60.2079866611282],[5.868724900323184,60.20771526615806],[5.868842187927886,60.20753433617796],[5.869100319033858,60.20730817370284],[5.869210060618769,60.20725728772175],[5.869390899476903,60.207214089533856],[5.869419453501559,60.20699154623767],[5.86975257719317,60.20683263257483],[5.8698429966222365,60.20683264099757],[5.869933416051303,60.20678786177032],[5.87002383548037,60.206787969789026],[5.870114254909437,60.206743501286915],[5.870158523714296,60.206765383762544]]}},{"type":"Feature","properties":{"depth":20,"major":true},"geometry":{"type":"LineString","coordinates":[[5.8722290213015045,60.20735340619786],[5.872319960640265,60.20739863869289],[5.87232514558929,60.20753433617796],[5.872284321207038,60.2075560546107],[5.872193901777972,60.20755664458165],[5.872103482348905,60.20751173049591],[5.872013062919838,60.207511855100904],[5.87196823984953,60.20748910368294],[5.871969407183284,60.20744387118791],[5.872062096312938,60.20739863869289],[5.872064284951919,60.20735340619786],[5.872103482348905,60.207335300107985],[5.8722290213015045,60.20735340619786]]}},{"type":"Feature","properties":{"depth":20,"major":true},"geometry":{"type":"LineString","coordinates":[[5.876616580095954,60.20703677873269],[5.87679439245767,60.20712724372274],[5.8767033637921475,60.207172476217764],[5.8767009808400505,60.20721770871279],[5.876624453802242,60.2072544290201],[5.876443614944108,60.207253356172004],[5.876370846257133,60.20721770871279],[5.876365614132651,60.20708201122772],[5.876534034373175,60.20699552758071],[5.876616580095954,60.20703677873269]]}},{"type":"Feature","properties":{"depth":30,"major":false},"geometry":{"type":"LineString","coordinates":[[5.870747190912904,60.201962503609984],[5.870114254909437,60.20192990906661],[5.869300480047836,60.20196763816669],[5.868938802331569,60.202023113256494],[5.868784442436251,60.20210643677503],[5.868513094099588,60.2026039942203],[5.868371376782288,60.202784924200394],[5.8681309010493585,60.20296585418049],[5.867944188611835,60.20303550089204],[5.867311252608368,60.203153267570826],[5.866768736033968,60.20321144587476],[5.866497477746768,60.20320444030152],[5.865864541743301,60.203128329587585],[5.865231605739834,60.203161156994405],[5.864960347452634,60.20323984445013],[5.8647795085945,60.203333238839065],[5.864598669736367,60.20345934078493],[5.864425676041807,60.20364434160586],[5.86421063914505,60.203960969071034],[5.863940157618931,60.2042775965362],[5.862918297985082,60.205046548951614],[5.862852749616654,60.205137013941666],[5.862715308129741,60.20549887390186],[5.862520606488806,60.20577026887201],[5.862287726823915,60.20599643134713],[5.8619534131692115,60.20626782631728],[5.861776473845446,60.20644875629738],[5.86140682179919,60.20694631374264],[5.860872651072457,60.20753433617796],[5.8602863246109225,60.20825805609835],[5.859734132494925,60.209027008513765],[5.859446839367244,60.20947933346401],[5.859274920527874,60.209795960929185],[5.85915099779638,60.21015782088938],[5.859120327930748,60.2103839833645],[5.859056765203763,60.2105649133446],[5.8589981207879935,60.21083630831475],[5.8588677750274245,60.21110770328489],[5.858702222839867,60.21137909825504],[5.858599959478314,60.21151479574011],[5.857959802750143,60.212193283165476],[5.857817709902953,60.21237421314557],[5.857744247347224,60.21250991063065],[5.857665265880434,60.212736073105766],[5.857514642873553,60.213007468075915],[5.85735486275935,60.21323363055104],[5.857029328093507,60.21355025801621],[5.856822598836628,60.213660176811636],[5.856280082262227,60.21382298433977],[5.855737565687827,60.213892073670806],[5.85510462968436,60.213886307372995],[5.854742951968093,60.2138549932781],[5.853386660532092,60.2135455069436],[5.851939949667025,60.213388655991146],[5.850886323528761,60.21318839805601],[5.850041141656623,60.212983426721905],[5.849527623363528,60.21282653809582],[5.848968303675333,60.212600375620696],[5.848594430791556,60.21242158512722],[5.848413591933422,60.21236702175671],[5.848142333646222,60.212344263284436],[5.847780655929955,60.21237523915649],[5.847418978213688,60.212336935133],[5.846966881068354,60.21223269159179],[5.846062686777687,60.21193914779718],[5.84502920224779,60.21178619071026],[5.844073459338219,60.21156036124769],[5.843892620480085,60.21153781001523],[5.843440523334752,60.211526206349504],[5.842536329044084,60.21156470751524],[5.841993812469684,60.21163123584812],[5.84099919874995,60.21182361393053],[5.840727507247661,60.21192188819533],[5.840446144460357,60.212102818175424],[5.84037440178705,60.212193283165476],[5.840341506743141,60.21228374815553],[5.840339178811997,60.212464678135625],[5.840463923364399,60.21269084061075],[5.840637521033683,60.212892884030104],[5.841059600541524,60.21323363055104],[5.841225909141786,60.21332409554109],[5.841360876466217,60.21337294968709],[5.84154171532435,60.21340491535013],[5.842265070756884,60.213417561789086],[5.842626748473151,60.21345602702061],[5.842859382812136,60.21350502552119],[5.843265126174296,60.21364072300626],[5.844254298196352,60.214048919852154],[5.8445255564835525,60.21418651801861],[5.844956815882976,60.214454907916696],[5.845255176420804,60.21454537290675],[5.84570100906142,60.214640126004795],[5.846062686777687,60.21477544568594],[5.846383932934233,60.21495246536197],[5.846695348278021,60.215269092827135],[5.846876461639288,60.21537049291914],[5.847328558784621,60.215464013610855],[5.848232753075289,60.21553197565709],[5.8489991309636995,60.215630952787336],[5.84960437522946,60.21576665027241],[5.850168704465575,60.215947580252504],[5.850493238801957,60.2160841912393],[5.851216594234491,60.216455476598185],[5.851939949667025,60.216926001068394],[5.85224938584301,60.217259322608214],[5.852321606598358,60.217395020093285],[5.852402355079622,60.21762118256841],[5.852532346618398,60.217802112548505],[5.853100598907131,60.218344902488795],[5.853657918819292,60.218949228072454],[5.853981918962566,60.219249552389286],[5.854176348872766,60.21938524987436],[5.854412211615313,60.21947571486441],[5.855014210255293,60.219642671497624],[5.856913018265694,60.22005209798292],[5.857093857123828,60.22005390962295],[5.857907631985428,60.21989038254537],[5.858359729130762,60.21987031856811],[5.858891168763626,60.219928039814654],[5.85953518170863,60.22006151712524],[5.860439375999297,60.22009065275648],[5.861253150860898,60.22014521901812],[5.862157345151565,60.2202551462804],[5.862877128065973,60.2203803647649],[5.8639657337329,60.220659055652725],[5.8645082503073,60.220727409072566],[5.8650507668817005,60.22083450193398],[5.865864541743301,60.221056177191365],[5.867039994321169,60.221306947317366],[5.867853769182768,60.22153571657759],[5.86948131890597,60.22166468280958],[5.87002383548037,60.221772568214746],[5.870385513196637,60.22187839937872],[5.870898714268478,60.22209919957582],[5.871336524476427,60.222415827041],[5.8716210462158545,60.222732454506165],[5.871969730141242,60.223230011951436],[5.8729172572105055,60.22396283514519],[5.87347239880716,60.224451289317095],[5.8737016956195385,60.224722684287244],[5.873869531665995,60.22503931175241],[5.873959657446188,60.22512977674246],[5.8742735486465065,60.22528080183478],[5.875226140607458,60.22567256668275],[5.8756298400825075,60.22586676558151],[5.875956203449285,60.22607965913797],[5.876567577768471,60.22653198408822],[5.876813013080191,60.22666768157329],[5.877166970376642,60.22675063983302],[5.878252003525443,60.22691273546055],[5.87861368124171,60.22699057465817],[5.879246617245177,60.22706200660366],[5.880331650393978,60.2270794550349],[5.880783747539311,60.22711252070936],[5.881687941829978,60.22710568521774],[5.882411297262512,60.22716251468351],[5.882953813836912,60.22726450836229],[5.884822877193407,60.2277984939489],[5.886028074425181,60.22824689473957],[5.886480171570515,60.2283397566711],[5.887113107573982,60.228433358669434],[5.887836463006516,60.22860968911832],[5.888107721293716,60.22869688102236],[5.8882885601518495,60.22877472755969],[5.88883107672625,60.22907053915322],[5.889476479869019,60.22951732875983],[5.889825690445984,60.22965011713083],[5.890111171163753,60.229788723729975],[5.890368207020384,60.229860716901314],[5.891091562452918,60.229877767894294],[5.892267015030786,60.229834517328655],[5.892809531605186,60.2298578448933],[5.893623306466787,60.22997983895623],[5.894708339615587,60.23029765091649],[5.89488917847372,60.23033357349176],[5.895431695048121,60.23029311331357],[5.896607147625988,60.23011115522913],[5.897059244771322,60.23012038409233],[5.897574637548131,60.230195816185194],[5.897950785873413,60.230286281175246],[5.898325116778256,60.23044219959142],[5.899138891639857,60.230669848649526],[5.899567945324623,60.23082907111554],[5.899836278489854,60.230964768600614],[5.900142345894677,60.23119093107574],[5.9002682802458155,60.23132662856081],[5.900413254737486,60.23155279103593],[5.900442861675149,60.23164325602598],[5.900452247132261,60.2318694185011],[5.900506908415768,60.2322312784613],[5.900573963381053,60.232412208441396],[5.900606698581678,60.23259313842149],[5.900821316251921,60.232954998381686],[5.9009843942307985,60.23313592836178],[5.9011389467469275,60.233362090836906],[5.901338988787747,60.233769183292125],[5.901540288922665,60.23431197323242],[5.901707111296934,60.234673833192616],[5.9018124424310665,60.235080925647836],[5.901816852261813,60.23553325059808],[5.901842002596816,60.235623715588126],[5.901909333521115,60.23571418057818],[5.902681399968966,60.23616650552842],[5.90336418242144,60.23675452796374],[5.904060703305511,60.23743301538911],[5.904426442741073,60.23765917786423],[5.9048772688190425,60.23788534033935],[5.905335149709713,60.238156735309495],[5.905555489594924,60.238428130279644],[5.905729282191034,60.23874475774481],[5.905837334408663,60.23883522273486],[5.906295055225561,60.239061385209986],[5.907457479113996,60.23953954055451],[5.908271253975597,60.23980648686066],[5.908813770549997,60.239916151225806],[5.90899460940813,60.23990901948366],[5.909085028837197,60.23985394776143],[5.909185985029584,60.2396494076453],[5.909196014752627,60.239468477665206],[5.909130506010454,60.23924231519008],[5.908980052929159,60.23901615271496],[5.908648795230674,60.23869952524979],[5.90790957625933,60.23805207869654],[5.9066333740271455,60.23698069043886],[5.905649090532662,60.2363924532595],[5.905468251674528,60.236264171151866],[5.9051795449088145,60.23598557554833],[5.905031380369836,60.235759413073204],[5.904941032847864,60.235488018103055],[5.904932304877882,60.235352320617984],[5.905030647389556,60.23480953067769],[5.90509346432075,60.23462860069759],[5.905168913408492,60.23422150824237],[5.905232650715771,60.234040578262274],[5.90525642161168,60.23358825331203],[5.905318462359198,60.233362090836906],[5.905387754389684,60.232954998381686],[5.905366088227563,60.23259313842149],[5.905318217751406,60.232412208441396],[5.905253550060164,60.232321743451344],[5.9051679656597855,60.23227651095632],[5.904564057383861,60.232094143673756],[5.904458134952967,60.2320503484812],[5.9043382665013295,60.23195988349115],[5.904269192552738,60.2318694185011],[5.904174558138318,60.23164325602598],[5.9041553189096465,60.231236163570756],[5.904130789111733,60.23114569858071],[5.903953860025691,60.230964768600614],[5.9036878820465635,60.23078383862052],[5.903266435437953,60.230557676145395],[5.901670635653725,60.229621092575215],[5.901037699650258,60.22920463487767],[5.9006758236772585,60.22901977131456],[5.900043085930524,60.2287396156296],[5.8995909887851905,60.228570205725944],[5.897963439061989,60.22809719344271],[5.896968825342255,60.22776775694807],[5.896445345059401,60.22757233147378],[5.895341275619054,60.22724536250253],[5.8944370813283875,60.22692506562336],[5.89380414532492,60.226670608222584],[5.89353288703772,60.22660809480422],[5.8927191121761195,60.22648971696612],[5.892302517603612,60.22639628660315],[5.8917244984563855,60.22616792369099],[5.890963026545474,60.22580826416783],[5.889760614516874,60.22508454424744],[5.889462800690467,60.224858381772314],[5.889298641713457,60.22467745179222],[5.889137601989893,60.224451289317095],[5.888987749892387,60.224179894346946],[5.888854502514062,60.22386326688178],[5.888766816660721,60.22377280189173],[5.88855981843905,60.223625593198705],[5.888378979580916,60.22344572522361],[5.888221889847691,60.223230011951436],[5.888158376282526,60.22304908197134],[5.888200119812298,60.22291338448627],[5.888495204463515,60.22264198951612],[5.888740657297183,60.222523068814915],[5.889554432158784,60.222242762790216],[5.889735271016917,60.222162595072646],[5.890096948733184,60.22197609348221],[5.890322391679002,60.22182780460568],[5.890403972137946,60.22173733961563],[5.890388048394184,60.2216921071206],[5.890277787591318,60.221642712039404],[5.889644851587851,60.22152348673807],[5.889466237068313,60.22146594464548],[5.889204992095723,60.22133024716041],[5.8886502378681165,60.220883174616915],[5.888198140722783,60.22078788926224],[5.8880808194107574,60.22074222472509],[5.887968127943617,60.22065175973504],[5.887864203644445,60.22051606224997],[5.887821363362522,60.22042559725992],[5.8877786879616885,60.22024466727982],[5.887714597069078,60.22015420228978],[5.88727313999473,60.219928039814654],[5.887022688144915,60.21986934301831],[5.886751429857715,60.21984827587212],[5.8855759772798475,60.219894138486865],[5.88494304127638,60.21984841809101],[5.88453585220241,60.21974710983456],[5.883677169269446,60.219482148048044],[5.883044233265979,60.219385112702646],[5.882592136120645,60.21927611353462],[5.882160770776833,60.21906862240919],[5.881909570910742,60.218842459934066],[5.88186039692959,60.218706762448996],[5.8818510796448455,60.21857106496392],[5.881901712844091,60.21839013498382],[5.881967013558092,60.21825443749875],[5.8825515036610225,60.217666415063434],[5.882959855504102,60.21730455510323],[5.883285295487821,60.21707839262812],[5.883496330411313,60.21696978164542],[5.8838580081275795,60.216832700328865],[5.8845269504432824,60.21662606767787],[5.88467178298918,60.21655948940397],[5.886118493854248,60.21544767048121],[5.88632390943343,60.215269092827135],[5.88639716862702,60.21517862783709],[5.886442121002228,60.21504293035201],[5.88645424773154,60.21454537290675],[5.886570590999582,60.214293153483474],[5.886751278173848,60.21404781546148],[5.8869914483162855,60.21386688548138],[5.887078230695046,60.21377642049133],[5.887287289635004,60.21350502552119],[5.88735495749623,60.21336932803611],[5.887346356621921,60.213278863046064],[5.887262845775667,60.21305270057094],[5.886995938562466,60.21250991063065],[5.8869815993496,60.2124194456406],[5.8869953100273475,60.2122385156605],[5.886970802969885,60.21214805067045],[5.886570590999582,60.211787506607195],[5.886480171570515,60.21160706526864],[5.886443640425941,60.21146956324509],[5.886449517769297,60.21133386576001],[5.886516162597178,60.21110770328489],[5.886596668486214,60.21070061082967],[5.886661010428648,60.21059325266237],[5.886952646001106,60.21024828587942],[5.886973621135727,60.21015782088938],[5.886949461038002,60.21011258839435],[5.886896527752192,60.21006735589933],[5.886751429857715,60.210010914691175],[5.886570590999582,60.20998441603433],[5.886389752141448,60.209992614311005],[5.886208913283315,60.21003816313937],[5.886028074425181,60.21011703371154],[5.885847235567048,60.2102265537992],[5.8855759772798475,60.210434035947685],[5.885304718992647,60.21054206078626],[5.885123880134514,60.21058850973561],[5.883948427556646,60.210740089150285],[5.8825017166915785,60.21081356554924],[5.882049619546245,60.21080868585955],[5.881868780688111,60.21077854809841],[5.881507102971844,60.210636970084465],[5.8804220698230445,60.210137327495985],[5.880150811535844,60.20994188984264],[5.879995043984769,60.20975072843416],[5.879863087666467,60.20920793849386],[5.879718065467211,60.20884607853367],[5.8795975138552015,60.20866514855357],[5.879337036674244,60.20840244668892],[5.878963322034015,60.20812235861328],[5.877980745238243,60.20760431934692],[5.877528648092909,60.20742433358494],[5.877166970376642,60.20734530767286],[5.876714873231308,60.20736616049234],[5.87631372811626,60.20730817370284],[5.8760906833685675,60.20721770871279],[5.875808694362848,60.20703677873269],[5.874816065220907,60.20679639662788],[5.874002290359306,60.20650370194938],[5.873550193213973,60.20629382369674],[5.873168019330354,60.206086896337176],[5.872736418352372,60.20577904166964],[5.872155589746051,60.20531794392176],[5.871934775366639,60.20509178144664],[5.871763561044751,60.20486561897152],[5.871567999722164,60.204503759011324],[5.871523348652438,60.20436806152625],[5.871474108825914,60.20373480659591],[5.871605173463824,60.20332771414069],[5.871729320130167,60.20305631917054],[5.87174906475487,60.20292062168547],[5.871716237292967,60.202784924200394],[5.8715197607609335,60.202468296735226],[5.871380126916371,60.2023232425511],[5.871018449200104,60.20205567353423],[5.870928029771037,60.20200826814318],[5.870747190912904,60.201962503609984]]}},{"type":"Feature","properties":{"depth":30,"major":false},"geometry":{"type":"LineString","coordinates":[[5.870009401644219,60.210203053384404],[5.8702046743385035,60.21024376452126],[5.870320130799142,60.21029351837445],[5.870497042206413,60.21042921585953],[5.870596930773611,60.2105649133446],[5.870733934149584,60.210881540809766],[5.870798525467752,60.211288633264985],[5.870876882511153,60.21151479574011],[5.870940639067522,60.21196712069035],[5.8710478457516215,60.2122385156605],[5.87111173398896,60.21232898065055],[5.871380126916371,60.21248255679454],[5.871446655940378,60.21255514312567],[5.871741804632638,60.21256412189929],[5.871832224061705,60.212519877786754],[5.872374740636105,60.21252019283091],[5.872465160065172,60.21256542593135],[5.872645998923305,60.21256544330909],[5.872736418352372,60.212610687393564],[5.873007676639572,60.21261069427251],[5.873098096068639,60.212655947270136],[5.873188515497706,60.21265598790722],[5.873369354355839,60.21274646312584],[5.873731032072106,60.21274654004395],[5.873891047248733,60.21282653809582],[5.873891119691642,60.212871770590844],[5.873981511100304,60.21291700308587],[5.873981565310427,60.21296223558089],[5.874071951185383,60.213007468075915],[5.8740720002926246,60.21305270057094],[5.874162381254006,60.21309793306597],[5.874162430233881,60.213143165560986],[5.874252806154719,60.21318839805601],[5.874252854052125,60.21323363055104],[5.874343214597286,60.213278863046064],[5.874343255492265,60.21332409554109],[5.874433574414757,60.21336932803611],[5.874433647329908,60.21355025801621],[5.874523945756273,60.21359549051123],[5.874523889683512,60.213821652986354],[5.874433579259534,60.21386688548138],[5.874433469850757,60.21404781546148],[5.874343499128159,60.2140930479565],[5.874363968075573,60.214409327163985],[5.874460070317216,60.214454907916696],[5.8746352263627735,60.214584896386754],[5.87472564579184,60.214619494138475],[5.874906484649974,60.214620489205316],[5.875449001224374,60.2145300747013],[5.875810678940641,60.214513505799175],[5.877166970376642,60.21456972714107],[5.877438228663842,60.21454916411857],[5.877359718364499,60.21450014041172],[5.877364622567743,60.214454907916696],[5.877277077926369,60.21440967542167],[5.877277882420936,60.21436444292665],[5.876986131518509,60.2142183193549],[5.876534034373175,60.21421831199455],[5.876443614944108,60.214263534945644],[5.876262776085975,60.21426358624413],[5.876172356656908,60.214308882311265],[5.8759915177987745,60.21430903273693],[5.875901098369708,60.21435492990151],[5.875539420653441,60.21435508025318],[5.875449001224374,60.21440155962625],[5.8751986780149,60.2142739779366],[5.875289049751654,60.214228745441574],[5.875289132902383,60.21418351294655],[5.875469848136243,60.2140930479565],[5.875469916474013,60.21404781546148],[5.875560257188176,60.21400258296645],[5.87556031470383,60.21395735047143],[5.875650642413062,60.213912117976406],[5.875650739543404,60.21377642049133],[5.8757410478559535,60.21373118799631],[5.875741089324244,60.21368595550128],[5.875831336664021,60.21364072300626],[5.875831051673927,60.21359549051123],[5.875919271084448,60.21355025801621],[5.875916209392325,60.21350502552119],[5.875997762068137,60.21345979302616],[5.8759915177987745,60.21340064682626],[5.875918905328107,60.21332409554109],[5.875786885616961,60.21296223558089],[5.875753659034571,60.21278130560079],[5.87576898538604,60.21264560811572],[5.875810678940641,60.212596528257905],[5.875901098369708,60.21256063957372],[5.876081937227841,60.21254755221162],[5.876805292660375,60.21255481310068],[5.877528648092909,60.21264857524712],[5.877980745238243,60.2126750396875],[5.878161584096376,60.21266378764267],[5.878432842383576,60.21260223223941],[5.879292168928267,60.21232898065055],[5.879469858928356,60.2122385156605],[5.879588194513327,60.212102818175424],[5.879750641316465,60.21201235318538],[5.87970768094566,60.21196712069035],[5.879713985084977,60.21192188819533],[5.879899975937992,60.21183142320528],[5.879900260276911,60.21178619071026],[5.87981003167031,60.21174095821523],[5.879809996060427,60.211650493225186],[5.879719741345799,60.21160526073016],[5.879719789664256,60.211560028235134],[5.879789133819577,60.21152535574909],[5.879879553248644,60.21157048250578],[5.880331650393978,60.21157054748229],[5.880602908681178,60.21170614638889],[5.880693328110245,60.2117061869865],[5.880943765436071,60.21183142320528],[5.880948274131677,60.21196712069035],[5.881044878036756,60.21201235318538],[5.881055005826511,60.212073837540345],[5.88117645322407,60.212102818175424],[5.881259840929124,60.21214805067045],[5.881416683542778,60.21230610911677],[5.881507102971844,60.2123602752846],[5.882411297262512,60.21271604676709],[5.882486691878655,60.21278130560079],[5.882497014866206,60.21291700308587],[5.88238917412276,60.213143165560986],[5.882135288051552,60.21345979302616],[5.882049619546245,60.213538062679916],[5.881778361259045,60.21370573701947],[5.881235844684644,60.213935606029835],[5.88105351065651,60.21413828045153],[5.880964586397444,60.21417446130896],[5.881043832504575,60.214228745441574],[5.880874166968377,60.21430878350707],[5.880602908681178,60.214308555492494],[5.880491065116332,60.21436444292665],[5.8804908800583835,60.21440967542167],[5.880400535833615,60.214454907916696],[5.880400379389198,60.21450014041172],[5.880310094900371,60.21454537290675],[5.880309828973911,60.21463583789679],[5.88021959906006,60.21468107039182],[5.880219137314434,60.214997697856994],[5.8800603921067776,60.21507948468007],[5.879789133819577,60.21508702828607],[5.879735255334445,60.215133395342065],[5.879706666387786,60.21517862783709],[5.879708362897206,60.215269092827135],[5.879913387565856,60.215630952787336],[5.88008423655882,60.21621897522265],[5.880124143444155,60.216445137697775],[5.880103591941749,60.216852230152995],[5.880077234468544,60.21694269514304],[5.879969972677711,60.21704822283903],[5.879789133819577,60.217138724146764],[5.879608294961444,60.21717033670023],[5.87942745610331,60.21717294112525],[5.878794520099843,60.217131225570554],[5.877257389805709,60.21685948128058],[5.876443614944108,60.21668570128639],[5.875720259511574,60.21657147107637],[5.875358581795307,60.216562372446425],[5.874816065220907,60.21664986834869],[5.873640612643039,60.216988018007804],[5.8729172572105055,60.21716628129251],[5.872013062919838,60.217237584774885],[5.8715609657745045,60.21724080068966],[5.870747190912904,60.21729389938898],[5.87029509376757,60.217367242434776],[5.870114254909437,60.217436730095585],[5.870075386577659,60.21748548508334],[5.87005779521705,60.21757595007338],[5.870089349013477,60.21775688005348],[5.870057159469506,60.21784734504353],[5.869993004702266,60.21789257753856],[5.8698429966222365,60.21793564700995],[5.869390899476903,60.217943758287895],[5.868757963473436,60.21790308401944],[5.8683843458296945,60.21784734504353],[5.868215446899035,60.21779977614126],[5.8680631546428295,60.21771164755846],[5.867995483116144,60.21762118256841],[5.867973412214235,60.21744025258831],[5.86794039502268,60.217395020093285],[5.867534136189432,60.21707839262812],[5.867335108045225,60.21676176516294],[5.866971770539463,60.215947580252504],[5.866871607150034,60.21576665027241],[5.866693991834816,60.21558572029231],[5.86625985865579,60.215269092827135],[5.865911159560546,60.21495246536197],[5.865593283456101,60.214468634333414],[5.86548022350418,60.21440967542167],[5.864899270516311,60.2142739779366],[5.86474408568962,60.21418351294655],[5.864739791795593,60.21413828045153],[5.864780876016947,60.2140930479565],[5.864995081402582,60.21395735047143],[5.865322025168901,60.21386790959559],[5.865333071952391,60.213821652986354],[5.865502864027034,60.213741643179254],[5.865614180198551,60.21373118799631],[5.865412444597967,60.21362976813841],[5.865322025168901,60.2136296640901],[5.865231605739834,60.21358432971853],[5.8650507668817005,60.21358412810985],[5.864960347452634,60.21353888276825],[5.8647795085945,60.21353863547522],[5.8646890891654335,60.21349339704022],[5.864417830878233,60.21349277735627],[5.864352864805178,60.21345979302616],[5.864353237466769,60.213414560531135],[5.86444316408603,60.21336932803611],[5.864444557160645,60.213278863046064],[5.8645082503073,60.213246966057675],[5.864960347452634,60.2132457185241],[5.8650507668817005,60.21320060890732],[5.865141186310767,60.21320037084119],[5.865412444597967,60.21306482349124],[5.865683702885168,60.213064316861995],[5.865774122314234,60.21301924887213],[5.8660453806014345,60.213018878862336],[5.866135800030501,60.21297380648488],[5.866859155463035,60.21297344527341],[5.866927399277003,60.213007468075915],[5.866927655973073,60.21305270057094],[5.867017937349465,60.21309793306597],[5.867018036373418,60.21318839805601],[5.866927877646151,60.21323363055104],[5.866927729093191,60.21332409554109],[5.866837520688092,60.21336932803611],[5.866837401419153,60.21364072300626],[5.866587897175835,60.213765700202245],[5.865845222537169,60.21377642049133],[5.865847561236825,60.213821652986354],[5.865764807642011,60.21386688548138],[5.865774122314234,60.21395118938345],[5.865889059186612,60.21404781546148],[5.865974455338302,60.21418351294655],[5.8660195896584915,60.214228745441574],[5.866135800030501,60.21425986115549],[5.866316638888635,60.21425693524718],[5.867401672037435,60.21409736129818],[5.867672930324635,60.2140408587893],[5.867853769182768,60.21397754216011],[5.867855903100574,60.21395735047143],[5.8675132820052545,60.21377642049133],[5.867513678339925,60.21364072300626],[5.867603906432944,60.21359549051123],[5.867604113343805,60.21350502552119],[5.867694384361149,60.21345979302616],[5.867694544551643,60.213414560531135],[5.867763349753702,60.213380135288816],[5.867853769182768,60.21338004738152],[5.867944188611835,60.21333486026465],[5.868034608040902,60.213334785736144],[5.868215446899035,60.21324437865795],[5.868305866328102,60.213244281602144],[5.8684867051862355,60.213152899146834],[5.868667544044369,60.213148390265275],[5.868799476183991,60.21309793306597],[5.868910262698617,60.212871770590844],[5.868904019883911,60.21282653809582],[5.868848382902502,60.21274016587891],[5.868655792341892,60.21255514312567],[5.868531654648991,60.212464678135625],[5.868053740669604,60.212193283165476],[5.86790506725564,60.212057585680405],[5.867844587687564,60.21196712069035],[5.867830445550634,60.21183142320528],[5.867907574152496,60.21151479574011],[5.868123614482,60.21110770328489],[5.868153068866535,60.21101723829484],[5.868088193810898,60.21079107581972],[5.868034608040902,60.210742654575256],[5.867944188611835,60.210739095552675],[5.867874559007352,60.21070061082967],[5.867964685765021,60.21065537833464],[5.867966416038843,60.210610145839624],[5.868056804052934,60.2105649133446],[5.867944188611835,60.21055355770826],[5.867853769182768,60.21050807092908],[5.867763349753702,60.210507759107635],[5.867607965575293,60.21042921585953],[5.867853769182768,60.210306279744465],[5.867944188611835,60.21035090235467],[5.868305866328102,60.210347715907695],[5.868396285757169,60.21038753601366],[5.8684867051862355,60.21039869661471],[5.868757963473436,60.210335216135775],[5.869029221760636,60.21021692642273],[5.869210060618769,60.210184715927944],[5.86975257719317,60.21018230367456],[5.870009401644219,60.210203053384404]]}},{"type":"Feature","properties":{"depth":30,"major":false},"geometry":{"type":"LineString","coordinates":[[5.879337036674244,60.21480694371241],[5.87915619781611,60.21481017656947],[5.878991663406042,60.21481676787689],[5.8790657783870435,60.21491831490921],[5.879337036674244,60.215022673337984],[5.879517875532377,60.21502547707794],[5.879608294961444,60.21498990060837],[5.879611641344567,60.21495246536197],[5.879337036674244,60.21480694371241]]}},{"type":"Feature","properties":{"depth":30,"major":false},"geometry":{"type":"LineString","coordinates":[[5.8724441244629215,60.21214805067045],[5.872736418352372,60.21229414210894],[5.873007676639572,60.21215862905357],[5.873098096068639,60.212203772560905],[5.873188515497706,60.21220381645026],[5.873257878883593,60.2122385156605],[5.873258041964502,60.21232898065055],[5.8733483473144865,60.21237421314557],[5.873348370919713,60.212464678135625],[5.873188515497706,60.21254476064962],[5.873007676639572,60.212544824756016],[5.8729172572105055,60.2124995945105],[5.872465160065172,60.212499627922845],[5.872374740636105,60.21245439536403],[5.871922643490771,60.21245443513135],[5.871668754899266,60.21232898065055],[5.871670230894883,60.212193283165476],[5.871741804632638,60.212158238250005],[5.871832224061705,60.2121584523564],[5.871922643490771,60.21211337094656],[5.872374740636105,60.21211339875424],[5.8724441244629215,60.21214805067045]]}},{"type":"Feature","properties":{"depth":30,"major":false},"geometry":{"type":"LineString","coordinates":[[5.872172601080847,60.21142433075006],[5.872284321207038,60.21143504909244],[5.872353239868365,60.21146956324509],[5.872103482348905,60.2115945899229],[5.871922643490771,60.21159458508093],[5.871853610010942,60.211560028235134],[5.871943873676796,60.21151479574011],[5.871944014091455,60.21146956324509],[5.872103482348905,60.211389891746094],[5.872172601080847,60.21142433075006]]}},{"type":"Feature","properties":{"depth":30,"major":false},"geometry":{"type":"LineString","coordinates":[[5.87017623123624,60.206765383762544],[5.87056635205477,60.20678243286222],[5.870656771483837,60.20682787554845],[5.871018449200104,60.20683147595886],[5.8711992880582375,60.20692217641402],[5.871289707487304,60.206922201701694],[5.871470546345438,60.20701262690914],[5.8715609657745045,60.207012640939936],[5.871609357035413,60.20703677873269],[5.87161357289259,60.207172476217764],[5.871527456119704,60.20721770871279],[5.871530945249555,60.20730817370284],[5.871443376105382,60.20735340619786],[5.871444986285065,60.20739863869289],[5.87136078531793,60.20744387118791],[5.871366233199955,60.20748910368294],[5.871289707487304,60.207550393511745],[5.871420095201984,60.20776049865308],[5.871922643490771,60.20802575698487],[5.872117115782201,60.2081675911083],[5.872173500456993,60.20825805609835],[5.872181071291642,60.2083485210884],[5.872103482348905,60.20847976673962],[5.87191093216329,60.208619916058545],[5.871380126916371,60.2088151686892],[5.870837610341971,60.208922156080746],[5.87029509376757,60.20892129033364],[5.86975257719317,60.20884923262098],[5.869119641189703,60.20867220650759],[5.868667544044369,60.20848227158134],[5.868411035302108,60.20830328859338],[5.868254862768586,60.208077126118255],[5.868226496699596,60.2079866611282],[5.868228668199625,60.20789619613816],[5.868242669938204,60.20776049865308],[5.8683280163907945,60.20748910368294],[5.868380354939072,60.20739863869289],[5.868470631143485,60.20730817370284],[5.868613798553296,60.20721770871279],[5.868757963473436,60.20716208203394],[5.869191021587756,60.20703677873269],[5.869390899476903,60.20701491798746],[5.869394707339794,60.20699154623767],[5.86975257719317,60.206823346103725],[5.8698429966222365,60.206823357895566],[5.869933416051303,60.20677875997543],[5.87002383548037,60.20677891120161],[5.870114254909437,60.20673474829666],[5.87017623123624,60.206765383762544]]}},{"type":"Feature","properties":{"depth":30,"major":false},"geometry":{"type":"LineString","coordinates":[[5.872243069110918,60.20735340619786],[5.872334216413555,60.20739863869289],[5.87234147534219,60.20753433617796],[5.872284321207038,60.207564741983795],[5.872193901777972,60.20756556794312],[5.872103482348905,60.2075207812211],[5.872013062919838,60.207520955668095],[5.871950310621408,60.20748910368294],[5.871951944888663,60.20744387118791],[5.872045541898551,60.20739863869289],[5.8720486059931245,60.20735340619786],[5.872103482348905,60.207328057672036],[5.872193901777972,60.207328747526155],[5.872243069110918,60.20735340619786]]}},{"type":"Feature","properties":{"depth":40,"major":true},"geometry":{"type":"LineString","coordinates":[[5.86975257719317,60.202232182901554],[5.869390899476903,60.2022265561511],[5.869181686967669,60.20228736675513],[5.869029221760636,60.20239934964471],[5.868848382902502,60.20258769737578],[5.868620245217728,60.202875389190446],[5.868407757334331,60.20305631917054],[5.868125027469969,60.20320522009259],[5.867587323232892,60.203418179130736],[5.866678316604902,60.20352788579277],[5.866497477746768,60.20352167325974],[5.865864541743301,60.20340551888091],[5.865502864027034,60.20340356402053],[5.865322025168901,60.2034463163847],[5.865054557262083,60.20359910911083],[5.864960347452634,60.203680544432515],[5.864652670652431,60.20405143406108],[5.864292575403655,60.20441329402127],[5.863562258154392,60.20495608396157],[5.863306544904628,60.20522747893172],[5.863214290464383,60.205408408911815],[5.863136940893793,60.20567980388196],[5.862971120013166,60.20592148500405],[5.862699861725965,60.20616979409697],[5.862446614342322,60.206358291307325],[5.862270184290972,60.20653922128742],[5.862130613620485,60.20672015126752],[5.861264649881252,60.207670033663035],[5.861106654150483,60.20789619613816],[5.8607261329538245,60.2083485210884],[5.860650196456702,60.208484218573474],[5.86034895657023,60.20886343689658],[5.859987278853963,60.20944857984315],[5.859828711682397,60.209795960929185],[5.859716020566763,60.209985257790095],[5.859610053427803,60.21029351837445],[5.859581252367485,60.210474448354546],[5.859486637851093,60.21079107581972],[5.859228915067243,60.211288633264985],[5.858921673733036,60.21174095821523],[5.858485975801813,60.2122385156605],[5.8583666922447275,60.2124194456406],[5.85828042417627,60.21250991063065],[5.8581681034184685,60.21278130560079],[5.857839209662934,60.21323363055104],[5.857416380084503,60.21368595550128],[5.8571842765528945,60.213816051454224],[5.856370501691294,60.21398064591864],[5.855737565687827,60.21402506209144],[5.855014210255293,60.21398161977901],[5.854381274251826,60.21389246818287],[5.853296241103026,60.213674126354604],[5.8520303690960915,60.21351539497792],[5.851578271950758,60.213438853830134],[5.849679463940356,60.21301812512018],[5.849408205653156,60.212943698178066],[5.848413591933422,60.21260091352103],[5.8475998170718215,60.21250204997515],[5.84597226734862,60.21205934746559],[5.8448872341998195,60.21190908869192],[5.843892620480085,60.21172292822928],[5.843259684476618,60.21168489707502],[5.842626748473151,60.21169427497149],[5.842084231898751,60.21175403587191],[5.841385497549935,60.21187665570031],[5.841064042315359,60.21196712069035],[5.840818359891816,60.21210119792908],[5.840720442876074,60.2122385156605],[5.840722461282386,60.2124194456406],[5.840818359891816,60.21258202220798],[5.84099919874995,60.21276777218096],[5.841451295895284,60.21303580269145],[5.841722554182484,60.213110845532135],[5.842265070756884,60.213123745206474],[5.842807587331285,60.21319042488465],[5.843078845618485,60.213260342820604],[5.843711781621952,60.213487230400816],[5.844435137054486,60.21385803388511],[5.844977653628886,60.214195527071844],[5.84529154121077,60.21436444292665],[5.845510463196901,60.214454907916696],[5.845881847919554,60.21456510067129],[5.8464188254485165,60.21481676787689],[5.846567964697523,60.21490723286694],[5.846876461639288,60.215177792364805],[5.847057300497421,60.21526511083469],[5.847418978213688,60.21534978997284],[5.8489561085078225,60.215466521101256],[5.849227366795023,60.21550537641268],[5.849769883369423,60.21560720574839],[5.8503781019237096,60.21576665027241],[5.850583658231024,60.2158523579617],[5.851512571866896,60.21635467270772],[5.852190538774009,60.21680699765797],[5.853190226569738,60.217666415063434],[5.8536524736800555,60.2181639725087],[5.85377791464476,60.218344902488795],[5.854019596535559,60.2186055597529],[5.854199897484068,60.21875199494402],[5.854652532539026,60.218995860042654],[5.855195049113426,60.2191837020925],[5.85591840454596,60.219350530183],[5.856913018265694,60.21953028860596],[5.857726793127295,60.21964686679895],[5.85953518170863,60.21979397580282],[5.86007769828303,60.21977669631819],[5.861795667435298,60.21979854227045],[5.862971120013166,60.219904272458265],[5.8637439135021205,60.2200185048047],[5.8648873300514195,60.22024466727982],[5.865502864027034,60.22041980542521],[5.866211155838558,60.22065175973504],[5.867238447181615,60.22105885219026],[5.867944188611835,60.22126842429994],[5.868396285757169,60.22133275694399],[5.869300480047836,60.22141293265982],[5.870114254909437,60.221548306847055],[5.870475932625704,60.22163920852765],[5.871127545911387,60.22187303710071],[5.871289707487304,60.22194529599106],[5.871791440974989,60.2222348970609],[5.872374740636105,60.22269338818372],[5.872707935438672,60.22304908197134],[5.873050521789167,60.22336570943651],[5.873481958305914,60.223908499376805],[5.873762946695313,60.224315591832024],[5.874037443790298,60.224586986802166],[5.874161221527679,60.22481314927729],[5.874190432507851,60.224994079257385],[5.874272927254541,60.22508454424744],[5.874487812637562,60.22517500923749],[5.875529636250356,60.22549163670266],[5.875901098369708,60.22564125805717],[5.876443614944108,60.22590621649875],[5.876895712089442,60.22615552909268],[5.877619067521976,60.22646742125969],[5.878523261812643,60.226698707421825],[5.878794520099843,60.22674501153823],[5.879337036674244,60.226794379252496],[5.879969972677711,60.22680647144786],[5.881122991935129,60.22675814656334],[5.881868780688111,60.2267564844832],[5.882592136120645,60.226809379248216],[5.882772974978779,60.22684759057903],[5.883405910982246,60.2270343142474],[5.884038846985713,60.22729885195647],[5.884581363560113,60.22748828822919],[5.885033460705447,60.22759931407561],[5.886374501254665,60.228024656424026],[5.887384365861182,60.22828539440419],[5.888244094214357,60.228567446364316],[5.888469399009983,60.22867118890527],[5.8889895531429595,60.228974538819536],[5.889644851587851,60.22943485014137],[5.890277787591318,60.229718451197606],[5.890458626449451,60.22976585667735],[5.891091562452918,60.22977708126817],[5.892086176172652,60.229709626981425],[5.892899951034253,60.22971413089866],[5.89380414532492,60.22978366344182],[5.89488917847372,60.229978647134345],[5.895522114477187,60.23004612784924],[5.896245469909721,60.2299957419358],[5.897692180774789,60.22976866847011],[5.8982346973491895,60.22975586175611],[5.898596375065456,60.22981083109004],[5.899229311068924,60.23001967647366],[5.89989919472059,60.23033151367027],[5.900541436449144,60.230693373630466],[5.900931545745436,60.23105523359066],[5.901060268241234,60.231236163570756],[5.9011768131956295,60.231507558540905],[5.901207380137386,60.23182418600608],[5.901270080012824,60.23195988349115],[5.901298046767492,60.23214081347125],[5.901362364730054,60.23227651095632],[5.9013917921176535,60.23254790592647],[5.901489796795592,60.23287832796579],[5.901638570345308,60.23318116085681],[5.901786087893204,60.23367871830208],[5.901815989895551,60.2339048807772],[5.9018926636088125,60.2340858107573],[5.901927761840218,60.2342667407374],[5.902093428321895,60.23462860069759],[5.902245228557177,60.23512615814286],[5.902284645532342,60.235488018103055],[5.902393991086259,60.23568143694428],[5.902574829944393,60.23583565813208],[5.90300351996829,60.23607604053837],[5.903782849216505,60.23661883047867],[5.9040215408094605,60.236842306969166],[5.904486914768378,60.237206852913985],[5.904925735100128,60.237494465815715],[5.905179853037018,60.237613945369205],[5.9057780314473876,60.2379758053294],[5.906372445965196,60.238627527333286],[5.906733418852937,60.23888045522989],[5.9070958013977295,60.23902199704467],[5.9078357957822965,60.23924231519008],[5.908361673404663,60.239322493397836],[5.90845209283373,60.239327684790766],[5.908542512262796,60.23929356471789],[5.908541564462478,60.23919708269506],[5.90845209283373,60.239089282210884],[5.907457479113996,60.238191771594565],[5.906098635651623,60.23711638792393],[5.905807447782374,60.23693545794384],[5.905044394000121,60.236392668003546],[5.904705769657607,60.236030808043346],[5.904513188462931,60.23566894808315],[5.904499166171357,60.235397553113],[5.904518337055167,60.23480953067769],[5.904534156368186,60.234673833192616],[5.904603923935927,60.23449290321252],[5.904623524579688,60.234176275747345],[5.90470969069028,60.233769183292125],[5.9047226176922765,60.23345255582696],[5.904798315732725,60.233226393351835],[5.904843531599148,60.23286453339164],[5.904835315671061,60.23260189107629],[5.9047799139002235,60.23250267343144],[5.904728674604008,60.23245744093642],[5.90419882913806,60.2322312784613],[5.904003832841938,60.23209558097622],[5.903724570052187,60.23164325602598],[5.903668257402348,60.231507558540905],[5.903628816079272,60.23132662856081],[5.903569443664127,60.2312096791804],[5.903298185376927,60.23093236356936],[5.901851474511859,60.23008807204532],[5.9009411707974575,60.22960779374988],[5.900676021933991,60.22943259097313],[5.899771827643324,60.22905922862075],[5.899229311068924,60.22888529396414],[5.898686794494523,60.22874118157534],[5.897240083629455,60.228416354254556],[5.896540747570238,60.22820558640412],[5.895612533906254,60.22787729837335],[5.894708339615587,60.227498356298035],[5.893713725895854,60.22714054873715],[5.893352048179587,60.22704513764822],[5.892249189738028,60.22689384404841],[5.891855453463914,60.22680337905837],[5.8913628207401185,60.226621299494845],[5.890729884736651,60.22631127170544],[5.889554432158784,60.225586590863294],[5.888249071773528,60.22463221929719],[5.8876412873737305,60.224315591832024],[5.887384365861182,60.22412048501541],[5.887232734166374,60.223908499376805],[5.887198929242214,60.22381803438675],[5.88718821500507,60.22359187191163],[5.887152344498022,60.22341094193153],[5.88717450321488,60.223230011951436],[5.88731147905188,60.22286815199124],[5.887479074158744,60.222687222011146],[5.887746043577449,60.222552058269955],[5.888107721293716,60.22243017163719],[5.889424138684502,60.222053967080804],[5.889832980216653,60.22187303710071],[5.889913274309825,60.22182780460568],[5.88992666228351,60.221782572110655],[5.889796490455929,60.22173733961563],[5.88937359330065,60.22168090341839],[5.888378979580916,60.22138923908826],[5.887565204719316,60.22126051053541],[5.887344269078354,60.22119454967534],[5.887203527003049,60.22109792385295],[5.887129412959367,60.220968387200216],[5.88706773580648,60.22074222472509],[5.887076160863431,60.22051606224997],[5.887044372659111,60.220335132269874],[5.88695574487901,60.22024466727982],[5.886784187707373,60.22015420228978],[5.886480171570515,60.220091354784216],[5.885033460705447,60.2199762053901],[5.884310105272913,60.219846484316285],[5.883586749840379,60.21974524702469],[5.883148133709072,60.219656644844505],[5.882274221415427,60.21938524987436],[5.881783729185144,60.21915908739924],[5.881569942700404,60.21902338991416],[5.881478728388393,60.21893292492412],[5.881444231940653,60.218842459934066],[5.881441168813143,60.21875199494402],[5.881447872786505,60.218616297458944],[5.8814786386258096,60.2185258324689],[5.881757221879365,60.21811874001368],[5.882246507695037,60.21757595007338],[5.882682555549712,60.217185309551056],[5.882972820413659,60.216987927638066],[5.8839053868140345,60.216490370192794],[5.884432612508346,60.216083277737575],[5.88467178298918,60.21585458117399],[5.885117040573887,60.215540487797284],[5.885512932834791,60.21522386033211],[5.8857839249563035,60.21495246536197],[5.885937654996114,60.21474199724542],[5.886251127444353,60.2140930479565],[5.886570590999582,60.213593747565504],[5.886688921349478,60.21332409554109],[5.886666703547782,60.21305270057094],[5.886570590999582,60.212863460010894],[5.886346241081226,60.212600375620696],[5.8858958334530795,60.21192188819533],[5.885847235567048,60.21170236267896],[5.8857883679811565,60.211560028235134],[5.885870856715188,60.211243400769966],[5.886028074425181,60.21096123018846],[5.886093525147861,60.21079107581972],[5.8861497288855045,60.2105649133446],[5.886118493854248,60.21046983884174],[5.886028074425181,60.210424998741956],[5.885395138421714,60.210715877872836],[5.88494304127638,60.21086165677699],[5.884081651893204,60.21106247078986],[5.882772974978779,60.211409987662684],[5.882230458404378,60.2115217304792],[5.881778361259045,60.21156356421736],[5.881597522400911,60.21156079578693],[5.881326264113711,60.21149818183622],[5.881004429834528,60.21137909825504],[5.88071455995947,60.21119816827494],[5.880410266586635,60.21097200579982],[5.879672975457143,60.21015782088938],[5.879478824299672,60.20975072843416],[5.879429385014858,60.20947933346401],[5.879425471702159,60.20929840348391],[5.879337036674244,60.20897892227521],[5.879122434772094,60.20866514855357],[5.878921362389661,60.208484218573474],[5.8786178071958854,60.20830328859338],[5.878082109929481,60.20803189362323],[5.877619067521976,60.207832902723794],[5.877169145309017,60.207670033663035],[5.876895712089442,60.207596084135666],[5.8759915177987745,60.20741536118967],[5.875268162366241,60.20722770484271],[5.874544806933707,60.2070204988347],[5.87399055957655,60.20681061625757],[5.873025574895549,60.20640352380235],[5.872679110130521,60.206222593822254],[5.872256745631496,60.205951198852105],[5.871777832056209,60.20549887390186],[5.871661999426462,60.20536317641679],[5.871523071853623,60.205046548951614],[5.871187443637561,60.20441329402127],[5.8711651655955475,60.20414189905113],[5.8710908485321465,60.20391573657601],[5.871084201951071,60.20373480659591],[5.871093626115378,60.20364434160586],[5.871158769261725,60.20346341162576],[5.8711719110954705,60.203282481645665],[5.871225411795675,60.20305631917054],[5.8711932949475285,60.20292062168547],[5.871130635069467,60.202784924200394],[5.870935501946697,60.2026039942203],[5.870435202060589,60.202377831745174],[5.870103622989037,60.20228736675513],[5.86975257719317,60.202232182901554]]}},{"type":"Feature","properties":{"depth":40,"major":true},"geometry":{"type":"LineString","coordinates":[[5.87008830938799,60.2100221234043],[5.870405261186848,60.21006735589933],[5.870635286635314,60.21015782088938],[5.8708191929037215,60.21029351837445],[5.870998447681947,60.210474448354546],[5.871212354041386,60.21083630831475],[5.871344454789842,60.211243400769966],[5.871416793297604,60.21137909825504],[5.871459683172854,60.21160526073016],[5.871522364930269,60.21174095821523],[5.8715583057266505,60.21192188819533],[5.871719583092268,60.21214805067045],[5.871832224061705,60.212148500696664],[5.871922643490771,60.21210346245402],[5.872374740636105,60.21210349820675],[5.872736418352372,60.212284188239906],[5.873007676639572,60.212148727878734],[5.873098096068639,60.212193845961025],[5.873188515497706,60.21219390239019],[5.8732776969938465,60.2122385156605],[5.873277906669301,60.21232898065055],[5.8733681794252615,60.21237421314557],[5.8733682097748385,60.212464678135625],[5.873188515497706,60.21255471779789],[5.873007676639572,60.2125548002204],[5.8729172572105055,60.212509570617605],[5.872465160065172,60.21250961357634],[5.872374740636105,60.21246438099929],[5.871848831430953,60.212464678135625],[5.8718608462529245,60.21250991063065],[5.872374740636105,60.21251020703241],[5.872465160065172,60.21255544030583],[5.872645998923305,60.21255546264863],[5.872736418352372,60.21260071004438],[5.873007676639572,60.21260071888874],[5.873098096068639,60.212645977744245],[5.873188515497706,60.21264602999193],[5.873369354355839,60.212736508133],[5.873731032072106,60.212736607027715],[5.8739109317480365,60.21282653809582],[5.873911024888919,60.212871770590844],[5.87400140829175,60.21291700308587],[5.874001477990481,60.21296223558089],[5.874091854278547,60.213007468075915],[5.87409191741643,60.21305270057094],[5.874182287387044,60.21309793306597],[5.874182350361168,60.213143165560986],[5.874272713851085,60.21318839805601],[5.8742727754334645,60.21323363055104],[5.874363119154652,60.213278863046064],[5.87436317173391,60.21332409554109],[5.874453461940239,60.21336932803611],[5.874453555688289,60.21355025801621],[5.874543819542454,60.21359549051123],[5.874543747448903,60.213821652986354],[5.874453468169238,60.21386688548138],[5.87445332750081,60.21404781546148],[5.8743634849800594,60.2140930479565],[5.874363968075573,60.21411535331485],[5.874649701852894,60.2142739779366],[5.874906484649974,60.2143494995158],[5.875087323508107,60.214356255346104],[5.875268162366241,60.21432995043284],[5.875178825343089,60.2142739779366],[5.875269183453467,60.214228745441574],[5.875269290361547,60.21418351294655],[5.875449970274186,60.2140930479565],[5.875450058137034,60.21404781546148],[5.875540376361224,60.21400258296645],[5.875540450309922,60.21395735047143],[5.875630751813486,60.213912117976406],[5.875630876695355,60.21377642049133],[5.875721153260328,60.21373118799631],[5.875721206576702,60.21368595550128],[5.87581140474811,60.21364072300626],[5.875810678940641,60.21358118322732],[5.875449001224374,60.2134019778713],[5.874906484649974,60.213210638870535],[5.874544822179186,60.21305270057094],[5.8743148195014525,60.212871770590844],[5.874209928626225,60.21269084061075],[5.874200640544905,60.212600375620696],[5.874345964280609,60.21228374815553],[5.8745907130967,60.21187665570031],[5.874823397084582,60.211695725720205],[5.875010034957007,60.21151479574011],[5.875268162366241,60.211410332217426],[5.875720259511574,60.21139823136103],[5.876172356656908,60.21149932892467],[5.8763098921725065,60.211560028235134],[5.876576715270692,60.21178619071026],[5.876919420622597,60.21201235318538],[5.877166970376642,60.21209250881521],[5.8777094869510425,60.21220453924675],[5.878252003525443,60.21215083861528],[5.879246617245177,60.21190617049933],[5.879879553248644,60.21183163512244],[5.879880342448112,60.21178619071026],[5.879790168362214,60.21174095821523],[5.879790122578079,60.211650493225186],[5.879699914924719,60.21160526073016],[5.87969997704845,60.211560028235134],[5.879789133819577,60.2115154493245],[5.879879553248644,60.211560545870235],[5.880331650393978,60.211560629411466],[5.880602908681178,60.211696200152794],[5.880693328110245,60.21169625234972],[5.880963650712555,60.21183142320528],[5.880964586397444,60.21188986582474],[5.881235844684644,60.21189847802789],[5.882140038975312,60.211989433217],[5.8825017166915785,60.211994081344585],[5.883948427556646,60.212132747642485],[5.884116188177771,60.212193283165476],[5.884176231159344,60.2122385156605],[5.88421442488142,60.21232898065055],[5.884213492598744,60.21250991063065],[5.884186483344515,60.212600375620696],[5.884098739109454,60.212736073105766],[5.883790525133509,60.21309793306597],[5.8835656395222955,60.21332409554109],[5.883288740006548,60.21355025801621],[5.882869584196494,60.213821652986354],[5.882320877833445,60.21406521014572],[5.881687941829978,60.214227455635005],[5.8811454252555775,60.214308266613195],[5.880602908681178,60.21431843479417],[5.880510778057271,60.21436444292665],[5.880510540125623,60.21440967542167],[5.880420217387797,60.214454907916696],[5.880420016244975,60.21450014041172],[5.880329770310502,60.21454537290675],[5.880329428405054,60.21463583789679],[5.8802392526384075,60.21468107039182],[5.88023865896546,60.214997697856994],[5.880149683312453,60.21504293035201],[5.880140570286518,60.21508816284704],[5.880307676909446,60.21545002280723],[5.880329700008237,60.215540487797284],[5.880347724612846,60.21639990520275],[5.880312347390828,60.2166713001729],[5.880267814717708,60.216897462648014],[5.8802185231986845,60.216987927638066],[5.8800603921067776,60.217117180834826],[5.879879553248644,60.217201548095105],[5.879698714390511,60.21723879246047],[5.879517875532377,60.21724746479057],[5.878794520099843,60.2172235239566],[5.877076550947575,60.21699592368291],[5.876353195515041,60.21687029466224],[5.8756298400825075,60.21678461616526],[5.875177742937174,60.21676442532442],[5.874816065220907,60.21677951638379],[5.874092709788373,60.21694196721026],[5.873278934926772,60.21724015844052],[5.873007676639572,60.21730550656673],[5.872465160065172,60.21734917683047],[5.871470546345438,60.21733379890676],[5.870874869517643,60.217395020093285],[5.870648330882299,60.21744025258831],[5.870475932625704,60.21749372756939],[5.870349758435931,60.21757595007338],[5.870297694528099,60.217666415063434],[5.870270055271958,60.21784734504353],[5.870202106123927,60.217937810033575],[5.87002383548037,60.21801040285013],[5.86975257719317,60.218050729185286],[5.869300480047836,60.21804868766596],[5.868396285757169,60.217953247769586],[5.868125027469969,60.21788796494767],[5.867759986982561,60.21771164755846],[5.867638676539711,60.21762118256841],[5.867197745400449,60.21716885761816],[5.866974312805302,60.21680699765797],[5.866882110975282,60.216580835182846],[5.8665574380450884,60.216038045242556],[5.866451042914085,60.21581188276743],[5.866123446945094,60.21545002280723],[5.865864541743301,60.21521170466802],[5.865593283456101,60.21504979140133],[5.865322025168901,60.214919654533716],[5.864598669736367,60.21465254382052],[5.863151958871299,60.21422211409024],[5.862971120013166,60.2141394494494],[5.862880700584099,60.21404992731123],[5.862885710569313,60.21400258296645],[5.862928420947561,60.21395735047143],[5.863074584665294,60.21386688548138],[5.8633325664125255,60.21377642049133],[5.863589311870987,60.21373118799631],[5.864327411449167,60.21369619861373],[5.864960347452634,60.21373821671641],[5.865593283456101,60.213731704815444],[5.865412444597967,60.21363956174617],[5.865322025168901,60.21363942796978],[5.865231605739834,60.21359406449062],[5.8650507668817005,60.21359380527946],[5.864960347452634,60.213548556267405],[5.8647795085945,60.21354823831923],[5.8646890891654335,60.21350299818709],[5.864417830878233,60.21350220145059],[5.864334303070019,60.21345979302616],[5.864334782206351,60.213414560531135],[5.86442456802281,60.21336932803611],[5.864426359118744,60.213278863046064],[5.8645082503073,60.21323785263242],[5.864960347452634,60.213236248660685],[5.8650507668817005,60.21319117415197],[5.865141186310767,60.21319086806695],[5.865412444597967,60.213055363612746],[5.865683702885168,60.21305471223229],[5.865774122314234,60.2130096912439],[5.8660453806014345,60.213009215517026],[5.866135800030501,60.21296418888744],[5.866859155463035,60.2129637244727],[5.866946897509566,60.213007468075915],[5.86694722754737,60.21305270057094],[5.867037469480141,60.21309793306597],[5.867037596796651,60.21318839805601],[5.866947512555613,60.21323363055104],[5.866947321558949,60.21332409554109],[5.866857173446414,60.21336932803611],[5.866857020100635,60.21364072300626],[5.866587897175835,60.21377556083252],[5.865944525999456,60.21377642049133],[5.866519998346746,60.21386688548138],[5.866859155463035,60.21388218174752],[5.867311252608368,60.213871677653096],[5.867551317907329,60.213821652986354],[5.867493502322307,60.21377642049133],[5.867494011895457,60.21364072300626],[5.867584185321031,60.21359549051123],[5.867584451349282,60.21350502552119],[5.867674679963278,60.21345979302616],[5.867674885922484,60.213414560531135],[5.867763349753702,60.2133702995053],[5.867853769182768,60.21337018648163],[5.867944188611835,60.21332501232995],[5.868034608040902,60.21332491650758],[5.868215446899035,60.21323452597563],[5.868305866328102,60.213234401189595],[5.868451135884074,60.213143165560986],[5.868443561834778,60.213007468075915],[5.868375150092464,60.212871770590844],[5.867589395974317,60.21228374815553],[5.8673772697737245,60.212057585680405],[5.867330331038698,60.21196712069035],[5.867308068796219,60.21174095821523],[5.867455996631019,60.21133386576001],[5.867854664834643,60.21070061082967],[5.867944707971914,60.21065537833464],[5.867946932609684,60.210610145839624],[5.868037311648067,60.2105649133446],[5.867944188611835,60.21056323681074],[5.867853769182768,60.210517677378945],[5.867763349753702,60.21051727646566],[5.8675894042183385,60.21042921585953],[5.867853769182768,60.21029700228018],[5.867944188611835,60.21034145063757],[5.868253951374455,60.210338750869475],[5.868667544044369,60.21012954412111],[5.869029221760636,60.21003899494177],[5.869390899476903,60.2100029981639],[5.87008830938799,60.2100221234043]]}},{"type":"Feature","properties":{"depth":40,"major":true},"geometry":{"type":"LineString","coordinates":[[5.876986131518509,60.214228264042994],[5.876534034373175,60.21422825457969],[5.876443614944108,60.214273474803946],[5.876262776085975,60.214273540759145],[5.876172356656908,60.21431885498974],[5.8759915177987745,60.21431904839417],[5.8759915177987745,60.2143335571535],[5.876172356656908,60.21436570976392],[5.877257389805709,60.21438702893187],[5.877257903331268,60.21436444292665],[5.876986131518509,60.214228264042994]]}},{"type":"Feature","properties":{"depth":40,"major":true},"geometry":{"type":"LineString","coordinates":[[5.872192349289973,60.21142433075006],[5.872284321207038,60.21142518790597],[5.872372930914457,60.21146956324509],[5.872103482348905,60.211604464690836],[5.871922643490771,60.211604458465445],[5.871833886159562,60.211560028235134],[5.87192410532164,60.21151479574011],[5.871924285854774,60.21146956324509],[5.872103482348905,60.21138005203068],[5.872192349289973,60.21142433075006]]}},{"type":"Feature","properties":{"depth":40,"major":true},"geometry":{"type":"LineString","coordinates":[[5.870193938758184,60.206765383762544],[5.87056635205477,60.20677438046354],[5.870656771483837,60.20681988320441],[5.871018449200104,60.206824512303506],[5.8711992880582375,60.206915280034416],[5.871289707487304,60.20691531254714],[5.871470546345438,60.207005726388125],[5.8715609657745045,60.20700574442772],[5.871623183109958,60.20703677873269],[5.871628603497757,60.207172476217764],[5.871543716055209,60.20721770871279],[5.871548202079302,60.20730817370284],[5.8714614473022415,60.20735340619786],[5.871463517533263,60.20739863869289],[5.871398351628505,60.20744387118791],[5.872013062919838,60.20776146808318],[5.872458907018132,60.208077126118255],[5.872524690281446,60.2081675911083],[5.872545250838059,60.20825805609835],[5.872540826076844,60.20839375358342],[5.872505272108649,60.208484218573474],[5.87237536906149,60.208619916058545],[5.872193901777972,60.20873994557151],[5.872013062919838,60.20881319284486],[5.8715609657745045,60.20894567349356],[5.870928029771037,60.209049032954056],[5.870114254909437,60.209071026526026],[5.869421059917741,60.20893654352372],[5.868963439405142,60.20880084603864],[5.868757963473436,60.20871789949138],[5.868320320527387,60.208484218573474],[5.867975229809454,60.20812235861328],[5.867852551480663,60.207805731148106],[5.86785913161401,60.20739863869289],[5.867883879867092,60.20730817370284],[5.867943022408249,60.20721770871279],[5.868101537861207,60.20708201122772],[5.868396285757169,60.2069678701466],[5.868848382902502,60.2068841647338],[5.869210060618769,60.20686901645688],[5.869571738335036,60.20690157887937],[5.86975257719317,60.20681405963261],[5.8698429966222365,60.206814074793556],[5.869933416051303,60.206769658180534],[5.87002383548037,60.206769852614194],[5.870114254909437,60.20672599530641],[5.870193938758184,60.206765383762544]]}},{"type":"Feature","properties":{"depth":40,"major":true},"geometry":{"type":"LineString","coordinates":[[5.8722571169203315,60.20735340619786],[5.872348472186846,60.20739863869289],[5.872357805095091,60.20753433617796],[5.872284321207038,60.20757342935689],[5.872193901777972,60.2075744913046],[5.872103482348905,60.20752983194629],[5.872013062919838,60.207530056235285],[5.871932381393285,60.20748910368294],[5.871934482594042,60.20744387118791],[5.872028987484164,60.20739863869289],[5.87203292703433,60.20735340619786],[5.872103482348905,60.20732081523609],[5.872193901777972,60.20732170219138],[5.8722571169203315,60.20735340619786]]}},{"type":"Feature","properties":{"depth":50,"major":false},"geometry":{"type":"LineString","coordinates":[[5.869662157764103,60.20331562905032],[5.869390899476903,60.20334506745021],[5.868667544044369,60.20348439456385],[5.867401672037435,60.203785955492606],[5.866768736033968,60.20389431986208],[5.865864541743301,60.20399756021098],[5.865743203179531,60.20405143406108],[5.864895078455718,60.204594224001376],[5.864146572591033,60.20503153323611],[5.863842284594471,60.20527271142674],[5.863680662706926,60.205453641406834],[5.86353116202028,60.20572503637698],[5.863289665506253,60.20604166384216],[5.862888772223025,60.20644875629738],[5.862098823314353,60.20744387118791],[5.860842217989181,60.20911747350382],[5.8603054992666985,60.21006735589933],[5.860013021845528,60.21083630831475],[5.859709126443025,60.21137909825504],[5.85941327455819,60.21183142320528],[5.859002323636187,60.21237421314557],[5.858614189550544,60.21296223558089],[5.858351039398406,60.213278863046064],[5.858079346782314,60.21355025801621],[5.857736065653162,60.213821652986354],[5.857426912916875,60.21395735047143],[5.8571842765528945,60.214031697408785],[5.856822598836628,60.214099685744394],[5.856099243404094,60.21416212975646],[5.855556726829693,60.21415164042583],[5.854923790826226,60.21409050874228],[5.854290854822759,60.21400061482017],[5.853205821673959,60.213792668175564],[5.851578271950758,60.21357642913261],[5.849742400872598,60.21323363055104],[5.849227366795023,60.213111043065396],[5.848232753075289,60.21279876552805],[5.847509397642755,60.21264680277496],[5.846605203352087,60.2124026607539],[5.84597226734862,60.21228181360239],[5.844615975912619,60.21225525304519],[5.843892620480085,60.2122887889853],[5.843311977752546,60.21237421314557],[5.843192663895682,60.2124194456406],[5.843158004265493,60.212464678135625],[5.843168718178961,60.21250991063065],[5.843360063260211,60.212736073105766],[5.8437964342095166,60.213143165560986],[5.844977653628886,60.21394828090871],[5.845610589632353,60.21431100487631],[5.846006620924736,60.214454907916696],[5.846606337785357,60.214726302886845],[5.847147719926488,60.215047476522],[5.847509397642755,60.21515535029634],[5.848051914217155,60.21522816973896],[5.849136947365956,60.2152777382653],[5.84986030279849,60.215353297955],[5.850583658231024,60.21546519000947],[5.850999627105303,60.21558572029231],[5.851618465743905,60.21585711526245],[5.8521624278937825,60.21621897522265],[5.852572885670492,60.216532927885815],[5.853680271654738,60.217530717578356],[5.854019596535559,60.21788318020147],[5.8544716936808925,60.218291779938625],[5.854833371397159,60.218532592994826],[5.855118771050917,60.21866152995397],[5.855466307400627,60.21878123220025],[5.856641759978494,60.21905824872469],[5.857726793127295,60.21926431456852],[5.8589022457051625,60.219447651925606],[5.859444762279563,60.219495150109594],[5.862066925722498,60.21962022141922],[5.863151958871299,60.21973621997009],[5.863784894874766,60.21984182190812],[5.865141186310767,60.22012232178165],[5.8665007141604555,60.22051606224997],[5.867672930324635,60.220903714874105],[5.868305866328102,60.22104010233752],[5.86948131890597,60.22119012389255],[5.87029509376757,60.22133382353845],[5.870656771483837,60.221423699470996],[5.871470546345438,60.22170349940015],[5.872193901777972,60.22206627286129],[5.872826837781439,60.22252015986609],[5.873117783082196,60.22277768700119],[5.8737074840876815,60.22336570943651],[5.874040168667647,60.22377280189173],[5.874363968075573,60.22423370184667],[5.874615292095899,60.22449652181212],[5.874803143222043,60.22481314927729],[5.8748904509123046,60.22490361426734],[5.876172356656908,60.22553722133614],[5.876986131518509,60.2260094688519],[5.8778555647116795,60.22639628660315],[5.878523261812643,60.22659652652418],[5.87888493952891,60.22664448838493],[5.879337036674244,60.226667479857475],[5.879879553248644,60.22666422866012],[5.880783747539311,60.22658306691206],[5.881959200117178,60.226553093087944],[5.882682555549712,60.226596448284425],[5.88307617920864,60.22666768157329],[5.88412926641478,60.22695556592481],[5.88467178298918,60.22715943934162],[5.885485557850781,60.227400769602774],[5.887655624148382,60.228130225582106],[5.888378979580916,60.22839732379959],[5.8886502378681165,60.22852447340568],[5.889192754442517,60.22884158185735],[5.889916109875051,60.22931294670701],[5.890187368162251,60.22943505469448],[5.890639465307585,60.22956709430884],[5.891001143023852,60.229582219916004],[5.892809531605186,60.2295253096333],[5.893894564753987,60.22956977053942],[5.894346661899321,60.22963007595344],[5.8951604367609205,60.22969690052282],[5.895612533906254,60.22969633362952],[5.896064631051588,60.229646490224134],[5.89653387530199,60.22951732875983],[5.89686604668931,60.229381631274755],[5.8971452835286815,60.22920070129466],[5.897172446460853,60.22915546879963],[5.897128987399699,60.22906500380959],[5.896662095527284,60.22874837634441],[5.895692872386405,60.228296051394175],[5.8944370813283875,60.22778281424436],[5.89326162875052,60.22740349470441],[5.892176595601719,60.227212611607435],[5.891543659598252,60.22706147118944],[5.891053764275672,60.22689384404841],[5.890507328836309,60.22666768157329],[5.889263028075931,60.22598919414793],[5.887610268785433,60.224858381772314],[5.887394810417073,60.224722684287244],[5.887113107573982,60.22458464328588],[5.886751429857715,60.22434115631525],[5.886545521198466,60.22413466185193],[5.88644347418645,60.22395373187182],[5.886442929346025,60.22368233690168],[5.8865338371781695,60.22327524444646],[5.886681038208024,60.22295861698129],[5.886751429857715,60.222710480024965],[5.886841849286782,60.22253279504235],[5.8870862405876805,60.22228012955593],[5.887465834358472,60.22196350209075],[5.88749459931099,60.221918269595726],[5.887491938778859,60.22187303710071],[5.887113107573982,60.22157403708825],[5.886955786059543,60.22142071215046],[5.8867559168646135,60.22114931718031],[5.886637835514295,60.22092315470519],[5.886257169177727,60.22051606224997],[5.886028074425181,60.22044291413584],[5.884852621847314,60.220238918148404],[5.8838580081275795,60.22003008093048],[5.8828633944078454,60.219779862906],[5.882140038975312,60.21957022212624],[5.881507102971844,60.21935872516221],[5.8810629416574,60.21915908739924],[5.880844867026817,60.21902338991416],[5.880784480194423,60.21893292492412],[5.880791794743275,60.218842459934066],[5.881050443390847,60.21843536747885],[5.8824409710535965,60.217123625123136],[5.882702659064996,60.21694269514304],[5.88324134591916,60.21662606767787],[5.8835545448314175,60.21639990520275],[5.883897698716868,60.215947580252504],[5.8841048788036,60.215540487797284],[5.884151057816493,60.215269092827135],[5.884136133278917,60.215133395342065],[5.88406183213934,60.214862000371916],[5.884020463163534,60.21477153538187],[5.883948427556646,60.21469804866507],[5.8838580081275795,60.21466920243042],[5.883677169269446,60.21466945551447],[5.882682555549712,60.21479224330189],[5.881868780688111,60.21495387020906],[5.881687941829978,60.2150241357666],[5.88148505668235,60.21522386033211],[5.880998207973955,60.215947580252504],[5.880907965195033,60.2161285102326],[5.880705270101267,60.2166713001729],[5.880505607648707,60.21703316013309],[5.880285999241051,60.21721409011319],[5.879969972677711,60.21734925277038],[5.879608294961444,60.217392950822436],[5.87861368124171,60.21738305609213],[5.8777094869510425,60.217279336346316],[5.876172356656908,60.216998120325464],[5.875539420653441,60.216929737694564],[5.87499690407904,60.216932650510174],[5.87472564579184,60.21696132101645],[5.874363968075573,60.217036314981854],[5.873459773784906,60.21736775616906],[5.873188515497706,60.2174268994384],[5.872465160065172,60.21746012314442],[5.8715609657745045,60.21742356845313],[5.871018449200104,60.217511779514915],[5.870819918820371,60.21757595007338],[5.870657524792085,60.217666415063434],[5.87056635205477,60.21775545793479],[5.8704586873796725,60.217937810033575],[5.87029509376757,60.218040323087735],[5.869933416051303,60.21813552739652],[5.869390899476903,60.21817216693575],[5.868667544044369,60.21810049453415],[5.868215446899035,60.21801596321853],[5.867863215812356,60.21789257753856],[5.86746660763559,60.21771164755846],[5.867144494335311,60.21748548508334],[5.866949574892102,60.217287480600696],[5.866848036278853,60.217123625123136],[5.866702730140539,60.21680699765797],[5.866628541030545,60.216580835182846],[5.866420436494198,60.21621897522265],[5.866276611461636,60.216038045242556],[5.86617534741637,60.21585711526245],[5.8659454974842244,60.21558572029231],[5.8657717664163735,60.21540479031221],[5.865605247210147,60.215269092827135],[5.865272068339956,60.21508816284704],[5.8647795085945,60.21488721782955],[5.8639657337329,60.214610858602285],[5.862971120013166,60.2143182494086],[5.862790281155032,60.21423646754299],[5.862642943049356,60.21413828045153],[5.862605238043105,60.2140930479565],[5.862599534601964,60.21404781546148],[5.862659400913062,60.21395735047143],[5.862790281155032,60.213853960875916],[5.863061539442232,60.213709447844394],[5.8633327977294325,60.21360938909001],[5.863875314303833,60.213464118745875],[5.86414832816985,60.21323363055104],[5.864327411449167,60.21312256986336],[5.8647795085945,60.212972693213985],[5.865141186310767,60.212805549436894],[5.866226219459568,60.21243157075455],[5.866343529881818,60.21237421314557],[5.866399271116711,60.21228374815553],[5.866425438656388,60.212057585680405],[5.866521118241783,60.211695725720205],[5.866861621599963,60.21106247078986],[5.867106090819801,60.210745843324695],[5.867132208395595,60.21051968084957],[5.867167509026116,60.21042921585953],[5.8672901880585915,60.21029351837445],[5.867582510895568,60.21015301911505],[5.868848382902502,60.20987429492643],[5.869210060618769,60.20984299192699],[5.87002383548037,60.20982136905574],[5.870656771483837,60.209844793767225],[5.871289707487304,60.209943712198374],[5.872115154969272,60.21015782088938],[5.873007676639572,60.21045128651035],[5.873550193213973,60.21053601300277],[5.873821451501173,60.21053180709067],[5.8746352263627735,60.21040493678848],[5.875268162366241,60.21034508808203],[5.876172356656908,60.21031224197205],[5.877076550947575,60.2103260238748],[5.877239634125628,60.21029351837445],[5.8773478092347755,60.21022816887853],[5.877771833140776,60.209841193424204],[5.878252003525443,60.209479710474206],[5.878621984737917,60.20907224100879],[5.878681237850201,60.208891311028694],[5.878679473100248,60.20880084603864],[5.878646399332949,60.2087103810486],[5.878519104076696,60.20857468356352],[5.878275163284972,60.20843898607845],[5.877438228663842,60.208120857459534],[5.876895712089442,60.20796121464755],[5.87499690407904,60.20754273188146],[5.874190296754324,60.20730817370284],[5.872736418352372,60.20674004099486],[5.872154241748633,60.20644875629738],[5.871718220521256,60.20617736132723],[5.87148087331086,60.20599643134713],[5.871179939537164,60.20572503637698],[5.870844866175608,60.20536317641679],[5.870398382704493,60.204594224001376],[5.8702684636655516,60.204232364041175],[5.869933416051303,60.20351636180321],[5.869823588975552,60.20337294663571],[5.86975257719317,60.20333141687363],[5.869662157764103,60.20331562905032]]}},{"type":"Feature","properties":{"depth":50,"major":false},"geometry":{"type":"LineString","coordinates":[[5.870041387388147,60.20662968627747],[5.87029509376757,60.20668796450034],[5.870505256765917,60.206765383762544],[5.87056635205477,60.20676632806487],[5.870656771483837,60.20681189086037],[5.871018449200104,60.20681754864815],[5.8711992880582375,60.206908383654806],[5.871289707487304,60.20690842339258],[5.871470546345438,60.20699882586711],[5.8715609657745045,60.2069988479155],[5.871637009184504,60.20703677873269],[5.871643634102925,60.207172476217764],[5.8715609657745045,60.20723201860013],[5.871802204673813,60.20735340619786],[5.872013062919838,60.207392995705796],[5.872017248075537,60.20735340619786],[5.872103482348905,60.20731357280014],[5.872193901777972,60.20731465685661],[5.8723627279601365,60.20739863869289],[5.872374740636105,60.20754595823964],[5.872523359916864,60.20771526615806],[5.872639199562137,60.207805731148106],[5.872953353761463,60.2079866611282],[5.873107223782506,60.20812235861328],[5.873185455664413,60.20825805609835],[5.873160752398629,60.20839375358342],[5.87302146659962,60.20857468356352],[5.872790038044888,60.20875561354362],[5.872555579494239,60.208880138418934],[5.872284321207038,60.20897283533156],[5.871741804632638,60.209106054763765],[5.871470546345438,60.20914823328395],[5.870928029771037,60.20920289320132],[5.870114254909437,60.209223170983584],[5.869300480047836,60.20909246920343],[5.869029221760636,60.20901994763083],[5.868757963473436,60.208916369708646],[5.868172280358627,60.20857468356352],[5.8679418407827875,60.2083485210884],[5.867754778919877,60.20812235861328],[5.867597689677117,60.20776049865308],[5.867589902250918,60.20739863869289],[5.867631238294964,60.207262941207816],[5.867683308496476,60.207172476217764],[5.867813789568158,60.20703677873269],[5.867937168079594,60.20694631374264],[5.868305866328102,60.20680479205672],[5.868757963473436,60.206699704801665],[5.869662157764103,60.206609986087976],[5.870041387388147,60.20662968627747]]}},{"type":"Feature","properties":{"depth":60,"major":true},"geometry":{"type":"LineString","coordinates":[[5.868848382902502,60.20395199258326],[5.868577124615302,60.20394516798428],[5.868145856048068,60.20400620156605],[5.866904775709877,60.20432282903123],[5.866464623858926,60.2044585265163],[5.865683702885168,60.20476832995531],[5.8646890891654335,60.205205664324005],[5.864220786894365,60.20549887390186],[5.863741602678816,60.20599643134713],[5.86366105176058,60.2061321288322],[5.863345630563686,60.20653922128742],[5.863083618749911,60.20694631374264],[5.862937539758593,60.20712724372274],[5.862343352719236,60.20803189362323],[5.861865300324614,60.20866514855357],[5.861553224445241,60.20911747350382],[5.861395252975364,60.20929840348391],[5.861162731431831,60.20974390766743],[5.860962420647827,60.2100221234043],[5.860854167656362,60.21029351837445],[5.860692874704556,60.2105649133446],[5.860533638191506,60.21092677330479],[5.860428658860795,60.21106247078986],[5.860174550698314,60.21151479574011],[5.860068069360328,60.211650493225186],[5.85980643999583,60.21210128700337],[5.859511272849191,60.21250991063065],[5.859437310919023,60.21264560811572],[5.859082523310154,60.21309793306597],[5.858839047343583,60.21336932803611],[5.858441448424304,60.21368595550128],[5.858090079266052,60.213912117976406],[5.857883631868128,60.21400258296645],[5.8571842765528945,60.214222337781756],[5.856460921120361,60.214314273321776],[5.85591840454596,60.21431588892008],[5.855014210255293,60.21424060131355],[5.854200435393692,60.21412301605372],[5.853115402244892,60.2139186594092],[5.8510357553763575,60.21365366382829],[5.84958904451129,60.213404465018385],[5.848675106033695,60.21318839805601],[5.847690236500888,60.21288708235571],[5.846695622781154,60.212627633491785],[5.8462435256358205,60.212557257566836],[5.845722920298736,60.21255514312567],[5.844977653628886,60.212644881150545],[5.844796814770753,60.21268596989854],[5.844563314537022,60.21278130560079],[5.844452694482205,60.212871770590844],[5.844431352285687,60.21296223558089],[5.8444565977222345,60.21309793306597],[5.844637249288301,60.21332409554109],[5.844865567681867,60.21355025801621],[5.845294782813895,60.21386688548138],[5.8456554160025505,60.2140930479565],[5.845910601088638,60.214228745441574],[5.846605203352087,60.214518771749475],[5.847328558784621,60.214863937537565],[5.847690236500888,60.21495836397838],[5.848323172504355,60.215055503200695],[5.849769883369423,60.215087990789456],[5.850854916518224,60.21518814699006],[5.851405252804622,60.21531432532216],[5.852005803245277,60.215540487797284],[5.852354820349975,60.21572141777738],[5.852885605084305,60.2161285102326],[5.853670342006028,60.216897462648014],[5.853948536192193,60.21721409011319],[5.854533815744501,60.21775688005348],[5.854923790826226,60.21803813998296],[5.85510462968436,60.2181432944148],[5.85591840454596,60.218454855217715],[5.856913018265694,60.21871305435328],[5.859354342850496,60.21919439631398],[5.862338184009698,60.219457885545765],[5.8633327977294325,60.21958650979248],[5.863875314303833,60.2196885521122],[5.865141186310767,60.21994568564844],[5.867763349753702,60.22062805454423],[5.870475932625704,60.221093060608105],[5.871380126916371,60.22134511105228],[5.871832224061705,60.22151189545387],[5.872739626123898,60.22196350209075],[5.873289216503172,60.222325362050945],[5.873628839157496,60.222596757021094],[5.874092709788373,60.22304114616393],[5.8743219208204485,60.223230011951436],[5.87499100378035,60.22399896436685],[5.875074030302294,60.22413466185193],[5.87524630244789,60.224315591832024],[5.875449001224374,60.22459736579188],[5.875720259511574,60.22485948251591],[5.876081937227841,60.22513887076881],[5.876663866536744,60.22549163670266],[5.877257389805709,60.225894923030665],[5.877980745238243,60.22624108506767],[5.878703969803287,60.22648675159319],[5.879337036674244,60.226498519551924],[5.879879553248644,60.22646374020544],[5.880241230964911,60.22640300459481],[5.881055005826511,60.226320053544],[5.881959200117178,60.226285862523],[5.882953813836912,60.226347340223754],[5.88440052470198,60.226645892681304],[5.885937654996114,60.22711876920806],[5.888107721293716,60.227944398557995],[5.8886502378681165,60.228166020716],[5.889013399917946,60.22834128388919],[5.889642835207624,60.228703143849394],[5.890187368162251,60.22905391786027],[5.890458626449451,60.229163150591866],[5.890820304165718,60.22925344420167],[5.891091562452918,60.22927505559872],[5.8917244984563855,60.22927144011855],[5.892809531605186,60.22922928175089],[5.894979597902787,60.229319194810074],[5.895585176538798,60.229245933789684],[5.895707329109657,60.22920070129466],[5.895760801031619,60.22915546879963],[5.895793851115438,60.22906500380959],[5.895759957910627,60.228974538819536],[5.895431695048121,60.22871916529988],[5.895065807325986,60.2285222138693],[5.894798759044654,60.228421713509476],[5.8944370813283875,60.22824849342636],[5.893959713007927,60.22806988891905],[5.893085482599077,60.2277984939489],[5.891995756743586,60.22759055171935],[5.891453240169185,60.227449367047136],[5.890729884736651,60.22722423843089],[5.8900065293041175,60.22695804584225],[5.888485303438477,60.226170124128025],[5.8878640150016635,60.225763031672805],[5.887120730424006,60.22522024173251],[5.886480171570515,60.22481557230713],[5.885869304523774,60.22436082432705],[5.885707210293929,60.22413466185193],[5.885628212424002,60.223908499376805],[5.885716674421877,60.22359187191163],[5.885942959507929,60.22327524444646],[5.88615830205374,60.22286815199124],[5.88619689890389,60.22246105953602],[5.886362582246887,60.222053967080804],[5.886381315701897,60.22182780460568],[5.886426478600954,60.2216921071206],[5.886421152924903,60.221511177140506],[5.886383307915134,60.22128501466538],[5.886287593521293,60.22110408468529],[5.886196306380605,60.22101361969524],[5.886028074425181,60.22092000102903],[5.885756816137981,60.22082153645902],[5.883767588698513,60.22028713521018],[5.883128850502327,60.220063737299725],[5.882411297262512,60.219851523183564],[5.88125264497031,60.21956617985446],[5.880693328110245,60.219396557268574],[5.880295711225589,60.219249552389286],[5.880048882492939,60.21906862240919],[5.880004299111707,60.21897815741914],[5.880005719231092,60.21888769242909],[5.880096347155489,60.218706762448996],[5.880173617202038,60.218616297458944],[5.880555174837683,60.218299669993776],[5.881055005826511,60.217958428274535],[5.881416683542778,60.2176702431367],[5.882090726706464,60.21703316013309],[5.882270473124304,60.216897462648014],[5.882775151400782,60.216580835182846],[5.883044233265979,60.21634939205606],[5.883127715516413,60.21621897522265],[5.883153364877376,60.21599281274753],[5.883204270512643,60.21585711526245],[5.883195348241385,60.21572141777738],[5.883134652695046,60.21562625390575],[5.883044233265979,60.21559508965898],[5.882953813836912,60.21559337573278],[5.882596882657223,60.215676185282355],[5.882230458404378,60.215827781626395],[5.881868780688111,60.216053065083784],[5.881597522400911,60.21628462038382],[5.881020446716643,60.21707839262812],[5.880849163938821,60.217259322608214],[5.880741711351318,60.21734978759826],[5.88057930888848,60.21744025258831],[5.880150811535844,60.21759181064917],[5.879698714390511,60.21764663901988],[5.87915619781611,60.21765972592097],[5.878523261812643,60.21763859667337],[5.877528648092909,60.217521972110745],[5.876016788907261,60.21716885761816],[5.8756298400825075,60.217120147412196],[5.875284568118725,60.217123625123136],[5.874906484649974,60.217162883859245],[5.874664845546262,60.21721409011319],[5.873640612643039,60.21753346164043],[5.873369354355839,60.21758510241445],[5.8729172572105055,60.21760435346047],[5.871741804632638,60.21752823979077],[5.871470546345438,60.21754728146961],[5.87110500457597,60.217666415063434],[5.870854416620527,60.21784734504353],[5.870656771483837,60.21802376383138],[5.870385513196637,60.21815681289747],[5.8698429966222365,60.218276423810515],[5.869300480047836,60.218311051102475],[5.868667544044369,60.21823348079923],[5.868034608040902,60.21808969252345],[5.867401672037435,60.21785886149594],[5.866964927206182,60.21762118256841],[5.866785367918205,60.21748548508334],[5.866636698287657,60.21730455510323],[5.866548019599845,60.217123625123136],[5.866506037134733,60.21694269514304],[5.8664456602713075,60.21680699765797],[5.8664134815060285,60.21662606767787],[5.866230412712187,60.21626420771767],[5.865803416894304,60.21572141777738],[5.865502864027034,60.215436360929246],[5.865231605739834,60.21525353007136],[5.8646890891654335,60.21499716852703],[5.863938437740439,60.214726302886845],[5.862880700584099,60.214399149256295],[5.862692240871517,60.214319210431626],[5.862484151478472,60.21418351294655],[5.862413198501944,60.2140930479565],[5.862428603438765,60.21401873618163],[5.862699861725965,60.2137788171974],[5.862971120013166,60.2136105741976],[5.863525699295174,60.21332409554109],[5.865127801215021,60.21228374815553],[5.865433523954104,60.21201235318538],[5.8656634976374615,60.21174095821523],[5.86585183913285,60.21142433075006],[5.866053412922156,60.211152935779914],[5.8661856115054745,60.210881540809766],[5.866510483787297,60.210474448354546],[5.8668716334871105,60.21015782088938],[5.867311252608368,60.20994221154591],[5.867763349753702,60.20980765880383],[5.868757963473436,60.209645580586205],[5.8702046743385035,60.20957450765318],[5.871018449200104,60.20948763890545],[5.871470546345438,60.20948605198076],[5.871741804632638,60.20944561294412],[5.872284321207038,60.20945169553278],[5.873278934926772,60.20937672444327],[5.873821451501173,60.209364933982094],[5.8756298400825075,60.20919135466532],[5.876443614944108,60.20909216469899],[5.877065662284188,60.20898177601874],[5.877534306298198,60.208891311028694],[5.877923001465624,60.20875561354362],[5.877939446680056,60.2087103810486],[5.877857592610451,60.20866514855357],[5.877160842511976,60.20843898607845],[5.874906484649974,60.207969536927536],[5.87418312921744,60.2077843712915],[5.873640612643039,60.20760645977736],[5.872374740636105,60.207136511622245],[5.871741804632638,60.20683198242248],[5.871454586521464,60.2066749187725],[5.870796902342849,60.206222593822254],[5.870266643016278,60.20577026887201],[5.869983445840944,60.20549887390186],[5.8695255303610026,60.20486561897152],[5.8693371512228785,60.204503759011324],[5.869119641189703,60.20417025349565],[5.868968631626708,60.20400620156605],[5.868848382902502,60.20395199258326]]}},{"type":"Feature","properties":{"depth":60,"major":true},"geometry":{"type":"LineString","coordinates":[[5.878701430432651,60.22092315470519],[5.879228470428734,60.22101361969524],[5.879337036674244,60.221065769904065],[5.879398411571188,60.22114931718031],[5.8793793291233944,60.22119454967534],[5.87931336445821,60.221239782170365],[5.879162130322689,60.22128501466538],[5.878794520099843,60.22133351266361],[5.878523261812643,60.22133204470799],[5.877980745238243,60.221236986474835],[5.87778205337633,60.22114931718031],[5.877739240946074,60.22110408468529],[5.877728203081424,60.22105885219026],[5.877799906380109,60.22098959056772],[5.878071164667309,60.220933265409286],[5.878701430432651,60.22092315470519]]}},{"type":"Feature","properties":{"depth":60,"major":true},"geometry":{"type":"LineString","coordinates":[[5.869742486868364,60.2063130588123],[5.8702046743385035,60.2064229102345],[5.87056635205477,60.2065546107055],[5.870927076832642,60.20672015126752],[5.871024888135191,60.20681061625757],[5.8711992880582375,60.2069014872752],[5.871289707487304,60.20690153423802],[5.871470546345438,60.206991925346095],[5.8715609657745045,60.20699195140328],[5.871650835259048,60.20703677873269],[5.871651385203571,60.207059612662015],[5.871922643490771,60.20714031599865],[5.872284321207038,60.20731565730996],[5.872645998923305,60.207414814281975],[5.873550193213973,60.20779809206426],[5.873957620097683,60.208077126118255],[5.87404759379593,60.208212823603326],[5.8740319527473375,60.2083485210884],[5.873950221304257,60.208484218573474],[5.8738142197470555,60.208619916058545],[5.873480266214844,60.20884607853367],[5.873037184866343,60.20907224100879],[5.872645998923305,60.20919864764836],[5.871832224061705,60.2093728555584],[5.871380126916371,60.209397672254404],[5.871018449200104,60.20945087660463],[5.87002383548037,60.20942399910727],[5.869210060618769,60.20931025037133],[5.868848382902502,60.209221345664005],[5.868667544044369,60.20915243759553],[5.868305866328102,60.20894385604627],[5.867987387687537,60.2087103810486],[5.867702563671089,60.20839375358342],[5.86753152866666,60.2081675911083],[5.867338889303029,60.20776049865308],[5.867331717661297,60.20744387118791],[5.867355589389926,60.20730817370284],[5.867435339394256,60.20712724372274],[5.8675059728814665,60.20703677873269],[5.867686817791976,60.206855848752596],[5.867853769182768,60.206754714504115],[5.868305866328102,60.20656923371948],[5.868848382902502,60.2064213515701],[5.86948131890597,60.20631503270333],[5.869742486868364,60.2063130588123]]}},{"type":"Feature","properties":{"depth":70,"major":false},"geometry":{"type":"LineString","coordinates":[[5.867220833179301,60.20549542641921],[5.866768736033968,60.20549325640108],[5.866135800030501,60.205536691225504],[5.865683702885168,60.20561134587541],[5.865231605739834,60.20571390819657],[5.864960347452634,60.20581854105353],[5.864734253247181,60.205951198852105],[5.86448247910505,60.2061321288322],[5.864187424959398,60.20640352380235],[5.86398896682681,60.20662968627747],[5.863471143265704,60.20730817370284],[5.863097361414991,60.20785096364313],[5.86185166521083,60.209524565959036],[5.861700068293763,60.209795960929185],[5.861515181863389,60.21006735589933],[5.861046105841513,60.21097200579982],[5.860916113994244,60.211152935779914],[5.860476969029203,60.21187665570031],[5.85980643999583,60.212824846533856],[5.8593431782009375,60.21336932803611],[5.85907154006908,60.21359549051123],[5.858427864966577,60.21395735047143],[5.857998051414495,60.21413062038716],[5.857274695981961,60.21435088484073],[5.856460921120361,60.21446938192049],[5.85591840454596,60.21447481218846],[5.855014210255293,60.21440256226425],[5.853024982815826,60.21408760307089],[5.850854916518224,60.21382830070498],[5.850041141656623,60.21367133244946],[5.848865689078756,60.21336094285508],[5.848051914217155,60.213174364282736],[5.847238139355555,60.21303474333099],[5.846786042210221,60.21299564712501],[5.8462435256358205,60.21299777893527],[5.84597226734862,60.21304196048591],[5.845801895700296,60.21309793306597],[5.845728812077029,60.213143165560986],[5.845689179215653,60.21323363055104],[5.8457412987068516,60.21345979302616],[5.845836061602962,60.21364072300626],[5.845969628169488,60.213821652986354],[5.846361543028578,60.21413828045153],[5.847057300497421,60.21449666502136],[5.847509397642755,60.21467586162239],[5.847780655929955,60.21474539167783],[5.848413591933422,60.2148538741811],[5.850041141656623,60.21493459503498],[5.851126174805424,60.21505772364206],[5.85162217827461,60.21517862783709],[5.852048689323749,60.21531432532216],[5.852518402656331,60.21549525530226],[5.85307753061857,60.21581188276743],[5.853402269388489,60.216038045242556],[5.853696125536808,60.2163094402127],[5.854497513268298,60.21716885761816],[5.855150704106932,60.217666415063434],[5.855616526149802,60.217937810033575],[5.856258072826214,60.218209205003724],[5.856763920412767,60.21839013498382],[5.8571842765528945,60.21851641000762],[5.858269309701695,60.21878446118303],[5.858630987417962,60.21885982902515],[5.85953518170863,60.21899843241832],[5.861886086864365,60.219167274670504],[5.862971120013166,60.21926989275174],[5.8660453806014345,60.21969242063809],[5.867039994321169,60.2198675018929],[5.868099990105927,60.22010896979475],[5.87029509376757,60.22054892405674],[5.871018449200104,60.22072150555815],[5.871832224061705,60.22094910496443],[5.872284321207038,60.22110463621467],[5.8737234440380535,60.2216921071206],[5.87441137410022,60.22200873458578],[5.876020755585858,60.22282291949622],[5.878279845907446,60.224044196861875],[5.878794520099843,60.22426645493812],[5.879789133819577,60.2246207560061],[5.881055005826511,60.224682868800876],[5.8825017166915785,60.22471622195887],[5.882682555549712,60.22469942991344],[5.8828633944078454,60.22461928369209],[5.884078484587766,60.22386326688178],[5.884517728858699,60.223637104406656],[5.8852142995635806,60.223232700491266],[5.885596951139623,60.22291338448627],[5.885698853185788,60.22277768700119],[5.8857443700516345,60.22264198951612],[5.885820884081589,60.22196350209075],[5.885777784188268,60.22160164213056],[5.885711974581891,60.22142071215046],[5.885584985041664,60.221239782170365],[5.885451610875889,60.22114931718031],[5.88474536908388,60.220832689715145],[5.882953813836912,60.22027395363541],[5.882230458404378,60.22008608739534],[5.880331650393978,60.21967257846929],[5.879633214467198,60.21947571486441],[5.879246617245177,60.21932020750936],[5.878944396206601,60.21915908739924],[5.878435517995562,60.21879722743904],[5.878216438322838,60.218616297458944],[5.878071164667309,60.218550407737006],[5.876895712089442,60.21836559826963],[5.875539420653441,60.21807692920975],[5.87472564579184,60.21804653556713],[5.873007676639572,60.217830846487175],[5.872374740636105,60.21772893770237],[5.871741804632638,60.21768141833151],[5.8715202823647425,60.21771164755846],[5.871289707487304,60.2178070505067],[5.871131153146291,60.217937810033575],[5.870843844361384,60.21825443749875],[5.870747190912904,60.21831681097505],[5.870475932625704,60.218390072031255],[5.87002383548037,60.21844438975005],[5.869390899476903,60.21847884626579],[5.868757963473436,60.21844003404866],[5.867855290457423,60.218299669993776],[5.867220833179301,60.21811736562348],[5.867039994321169,60.21803633325441],[5.866859155463035,60.21791008914549],[5.866587897175835,60.217686826070434],[5.8663703493001105,60.21744025258831],[5.866239365016806,60.21716885761816],[5.866164034967231,60.21694269514304],[5.866115989355068,60.21662606767787],[5.866019211807957,60.2163094402127],[5.865778684231278,60.215947580252504],[5.865502864027034,60.215664220502035],[5.8650507668817005,60.215365314503735],[5.8645082503073,60.21511481411844],[5.863784894874766,60.21483441175616],[5.862971120013166,60.21457239640091],[5.862609442296899,60.21441768371376],[5.862428603438765,60.21429232359363],[5.862323159325907,60.21418351294655],[5.862279310195784,60.2140930479565],[5.862295759387805,60.21400258296645],[5.862338184009698,60.21394373227033],[5.862699861725965,60.21359395481679],[5.863467988880514,60.213007468075915],[5.864449603337055,60.21214805067045],[5.864950297102747,60.21160526073016],[5.865145272914597,60.211288633264985],[5.865329060619397,60.21106247078986],[5.865520115515854,60.210745843324695],[5.8661413665529585,60.2100221234043],[5.866587897175835,60.209639747217736],[5.86709822425752,60.20929840348391],[5.867181413008119,60.20920793849386],[5.867183207654933,60.20911747350382],[5.867110420002534,60.208891311028694],[5.867049029578059,60.2083485210884],[5.867004822591135,60.2081675911083],[5.866966298190238,60.20785096364313],[5.866999543366188,60.20712724372274],[5.8671304137502345,60.20656959735679],[5.867319164743274,60.2061321288322],[5.867476824886276,60.20563457138694],[5.867476205810686,60.20558933889191],[5.8674432536321826,60.205544106396886],[5.867220833179301,60.20549542641921]]}},{"type":"Feature","properties":{"depth":70,"major":false},"geometry":{"type":"LineString","coordinates":[[5.878691280832569,60.22078745722012],[5.879246617245177,60.22082722800686],[5.87968094704603,60.22092315470519],[5.879810055289667,60.220968387200216],[5.879951596974013,60.22105885219026],[5.879985049776448,60.22110408468529],[5.879992738049088,60.22119454967534],[5.879928935022836,60.22128501466538],[5.879863834805024,60.22133024716041],[5.879517875532377,60.2214473875083],[5.87915619781611,60.22148577721723],[5.8787041006707765,60.221480064992875],[5.878252003525443,60.22142094421088],[5.877799906380109,60.22130285044698],[5.877495577313728,60.22114931718031],[5.877409426462133,60.22105885219026],[5.877372784999287,60.220968387200216],[5.877394104242257,60.22092315470519],[5.877469370549006,60.220877922210164],[5.8777094869510425,60.220819702258524],[5.878071164667309,60.22079036265042],[5.878691280832569,60.22078745722012]]}},{"type":"Feature","properties":{"depth":80,"major":true},"geometry":{"type":"LineString","coordinates":[[5.865774122314234,60.20629356592301],[5.865502864027034,60.20628055369523],[5.865322025168901,60.2063315616389],[5.865141186310767,60.20642490194945],[5.864831897906474,60.20662968627747],[5.864598669736367,60.206842564588484],[5.8639657337329,60.207542370891346],[5.863703130685792,60.20789619613816],[5.863492553853162,60.20812235861328],[5.862878066561992,60.20893654352372],[5.862679845280238,60.20916270599884],[5.862489312118877,60.20947933346401],[5.862299099084036,60.20970549593913],[5.861777673292068,60.2105649133446],[5.861524409148098,60.21105947564968],[5.86141509297512,60.21119816827494],[5.860971549157509,60.21192188819533],[5.86034895657023,60.21270503224435],[5.860244469035623,60.212871770590844],[5.85980643999583,60.213371588245685],[5.85944565742583,60.21368595550128],[5.859263923421429,60.21379343610846],[5.858616311746525,60.2140930479565],[5.857817212556362,60.21437802605199],[5.857274695981961,60.21451963087122],[5.856641759978494,60.21461744749818],[5.856008823975027,60.2146472463845],[5.85537588797156,60.21461443680943],[5.854923790826226,60.21456597524302],[5.853205821673959,60.21431035344305],[5.850764497089157,60.214068845682725],[5.849950722227557,60.21390402042666],[5.848684850220622,60.21350248961114],[5.8479614947880885,60.213375655294875],[5.847147719926488,60.21335382239108],[5.846876461639288,60.213391225216355],[5.846786042210221,60.21343688690344],[5.846692971923144,60.21355025801621],[5.846669031156943,60.21364072300626],[5.8466887401684025,60.21377642049133],[5.846876461639288,60.21400376591685],[5.847238139355555,60.21423620044983],[5.847402026430113,60.214319210431626],[5.84781313882049,60.214454907916696],[5.848504011362489,60.214595961866564],[5.850221980514757,60.21474811258851],[5.851397433092624,60.21490996394738],[5.852211207954225,60.21514922643557],[5.852753724528625,60.215337416264695],[5.853375252829596,60.215630952787336],[5.853795463454684,60.21590234775748],[5.854123269314968,60.21617374272763],[5.854936351898379,60.21703316013309],[5.855689289925628,60.217530717578356],[5.856551340549427,60.21796183435337],[5.857231660310611,60.21825443749875],[5.858577045139318,60.21866152995397],[5.858811826276096,60.21870545659865],[5.859716020566763,60.218806614366834],[5.86034895657023,60.218821319677545],[5.860710634286497,60.21885504911818],[5.862066925722498,60.21891513378085],[5.863604056016633,60.21904060905323],[5.864146572591033,60.21911381828148],[5.864869928023567,60.21916426261802],[5.866226219459568,60.21921767997914],[5.867220833179301,60.2193136342155],[5.868125027469969,60.21946261656381],[5.869571738335036,60.2197686597267],[5.870348309467092,60.21997327230968],[5.870747190912904,60.220051307851726],[5.872374740636105,60.22049567422812],[5.874211785489185,60.22110408468529],[5.875381598732555,60.22146594464548],[5.877856740244343,60.22214443207085],[5.879102877668498,60.22246105953602],[5.8799177053339,60.22264198951612],[5.881679022855081,60.22295861698129],[5.882320877833445,60.223009895106706],[5.883499406352925,60.22304908197134],[5.884313349386815,60.22295861698129],[5.884809317953586,60.22282291949622],[5.885047856853129,60.222687222011146],[5.885123880134514,60.2225888975912],[5.88514843917557,60.22250629203104],[5.885153634206972,60.22214443207085],[5.885042480861191,60.22182780460568],[5.88494304127638,60.22167645660824],[5.884762202418247,60.2214457862148],[5.884581363560113,60.22127462626694],[5.88440052470198,60.221140792002544],[5.8842196858438465,60.22103670524138],[5.883801617727757,60.220877922210164],[5.883039791569371,60.22065175973504],[5.882069450606457,60.22042559725992],[5.87942745610331,60.21994858211546],[5.877257389805709,60.219475287632626],[5.87472564579184,60.21900674094135],[5.87418312921744,60.21886468809159],[5.873731032072106,60.218698060066636],[5.873486416800767,60.21857106496392],[5.873177445285368,60.218299669993776],[5.873044997638139,60.218209205003724],[5.872289850350846,60.2179830425286],[5.871922643490771,60.21793676899671],[5.871741804632638,60.217936438555164],[5.871651385203571,60.2179595750394],[5.871556281589712,60.21802827502363],[5.871425005806901,60.21839013498382],[5.871284784044646,60.2185258324689],[5.871018449200104,60.218635354457696],[5.87056635205477,60.21869353427706],[5.868848382902502,60.21869384331633],[5.868034608040902,60.21863123629785],[5.867220833179301,60.21850032875086],[5.866768736033968,60.218346165447514],[5.866531916159762,60.218209205003724],[5.866358073273157,60.21802827502363],[5.865994798147823,60.21748548508334],[5.865801138827754,60.21703316013309],[5.865738831283332,60.21639990520275],[5.865593283456101,60.2160696427827],[5.865412444597967,60.21585896779463],[5.865161869757271,60.215676185282355],[5.8647795085945,60.21547630487126],[5.864006181194786,60.215133395342065],[5.862880700584099,60.214718079294535],[5.862519022867832,60.21453513637578],[5.862302234693163,60.21436444292665],[5.862203350721251,60.214228745441574],[5.862157850375052,60.2140930479565],[5.862165648291256,60.21400258296645],[5.862205780906595,60.213912117976406],[5.862495197568906,60.21350502552119],[5.862686550576018,60.21332409554109],[5.862869399067203,60.21309793306597],[5.863009456492996,60.21296223558089],[5.863207061485512,60.21269084061075],[5.863775838097848,60.212057585680405],[5.863898608543383,60.21187665570031],[5.864261477151115,60.21146956324509],[5.864488215403938,60.21110770328489],[5.864658971223335,60.21092677330479],[5.864869928023567,60.21061420830487],[5.865165331092852,60.21024828587942],[5.8659994781445395,60.209027008513765],[5.866320012174636,60.20843898607845],[5.866412312238798,60.208212823603326],[5.866430195134022,60.20803189362323],[5.866477568330877,60.20789619613816],[5.866550601435518,60.20744387118791],[5.866538844704506,60.20735340619786],[5.866482917256997,60.20721770871279],[5.866454060678699,60.20703677873269],[5.866318391284681,60.206765383762544],[5.866135800030501,60.206531334676356],[5.865915557614742,60.206358291307325],[5.865774122314234,60.20629356592301]]}},{"type":"Feature","properties":{"depth":80,"major":true},"geometry":{"type":"LineString","coordinates":[[5.879591218164215,60.22060652724002],[5.880150811535844,60.220667604031874],[5.880427091959139,60.22078745722012],[5.8806547821294535,60.22092315470519],[5.880707653752751,60.22101361969524],[5.880722192364537,60.22119454967534],[5.880709839186083,60.22128501466538],[5.88064243278975,60.22142071215046],[5.880561547972834,60.221511177140506],[5.8804220698230445,60.221585166154554],[5.880150811535844,60.221663426704595],[5.879789133819577,60.22173141135469],[5.879517875532377,60.2217580489908],[5.87915619781611,60.221761547557016],[5.87861368124171,60.22171155862169],[5.877980745238243,60.2215727643164],[5.877257389805709,60.22131251335187],[5.876888311722666,60.22110408468529],[5.8768292494689485,60.22105885219026],[5.876747559494177,60.22092315470519],[5.876756375305618,60.220832689715145],[5.876895712089442,60.22070959929553],[5.877076550947575,60.22065268842138],[5.877438228663842,60.220597132158034],[5.878794520099843,60.2205740214141],[5.879337036674244,60.22058057159504],[5.879591218164215,60.22060652724002]]}},{"type":"Feature","properties":{"depth":90,"major":false},"geometry":{"type":"LineString","coordinates":[[5.865231605739834,60.20772813530964],[5.865141186310767,60.20771750232454],[5.864960347452634,60.20774206754194],[5.8645082503073,60.20788226924543],[5.864146572591033,60.20808165563993],[5.863875314303833,60.2083134760668],[5.863503283504191,60.20875561354362],[5.863138515450666,60.20925317098889],[5.862583813133775,60.21006735589933],[5.861927716667877,60.211152935779914],[5.861325441835471,60.21201235318538],[5.8609629014258715,60.212464678135625],[5.860187605074612,60.21336932803611],[5.8599143199706125,60.21364072300626],[5.859625601137696,60.21387485611385],[5.8589022457051625,60.21431075960863],[5.8585405679888956,60.21449182796545],[5.857998051414495,60.214712651973784],[5.8575459542691615,60.21481209728107],[5.856913018265694,60.214868608804586],[5.8558279851168935,60.21487590864602],[5.855195049113426,60.21480638934367],[5.853838757677425,60.2146059243944],[5.853296241103026,60.2145497384854],[5.853024982815826,60.214561227733206],[5.852592254104239,60.21463583789679],[5.852488206229349,60.21468107039182],[5.852463018256527,60.214726302886845],[5.852481101949504,60.21477153538187],[5.8527411193136,60.214997697856994],[5.853567499390225,60.21549358587397],[5.854079984496363,60.21585711526245],[5.854419094228617,60.2161285102326],[5.855285468542493,60.21688898839033],[5.855737565687827,60.21718246443511],[5.856551340549427,60.21759785195656],[5.857003437694761,60.21779505006844],[5.857636373698228,60.21805202459812],[5.858630987417962,60.2183725185837],[5.858992665134229,60.21845636772447],[5.859896859424897,60.21857967009109],[5.861795667435298,60.21863749002294],[5.862880700584099,60.21864385886482],[5.864417830878233,60.21861727054669],[5.8650507668817005,60.218556832324985],[5.865198453189754,60.2185258324689],[5.865299894842023,60.21848059997387],[5.8653684706778595,60.21839013498382],[5.865438963835028,60.2181639725087],[5.8654679753606755,60.2179830425286],[5.865457733082921,60.217802112548505],[5.865323778181031,60.21730455510323],[5.865229070803913,60.21707839262812],[5.865111105300153,60.21662606767787],[5.864869928023567,60.2162029782955],[5.864758667968522,60.216083277737575],[5.8645082503073,60.215907553579925],[5.863922041031782,60.215630952787336],[5.863423217158499,60.215365664229495],[5.862609442296899,60.21489024331897],[5.862247764580632,60.214590255203724],[5.8621269171734856,60.214454907916696],[5.86203156658134,60.2142739779366],[5.862002563895885,60.2140930479565],[5.86201857501789,60.213912117976406],[5.8621111799507535,60.21364072300626],[5.862449601659857,60.21305270057094],[5.862589595733189,60.212871770590844],[5.8627835550846825,60.21255514312567],[5.863296075590088,60.21192188819533],[5.863423217158499,60.211726722300256],[5.863738818462139,60.21133386576001],[5.8638835687480855,60.21110770328489],[5.864142612707031,60.21079107581972],[5.864730973349946,60.209931658414256],[5.865311952303537,60.208891311028694],[5.865498169535064,60.20843898607845],[5.8655359083753025,60.20830328859338],[5.865544297111155,60.2081675911083],[5.865505082418732,60.20803189362323],[5.865412444597967,60.2078827017827],[5.865322025168901,60.207775057052544],[5.865231605739834,60.20772813530964]]}},{"type":"Feature","properties":{"depth":100,"major":true},"geometry":{"type":"LineString","coordinates":[[5.864598669736367,60.20837630467809],[5.8645082503073,60.20838325994805],[5.864327411449167,60.20849940678314],[5.8642369920201,60.20858281334448],[5.863875314303833,60.20903111624198],[5.863750455839326,60.20925317098889],[5.8633327977294325,60.209832517159946],[5.863258987481711,60.20997689090928],[5.863150236411238,60.21011258839435],[5.863026042121953,60.210338750869475],[5.862756035021447,60.210745843324695],[5.862609442296899,60.21093060492542],[5.862367172327402,60.21133386576001],[5.862247764580632,60.21147450310292],[5.862008954952364,60.21183142320528],[5.861376788127135,60.212600375620696],[5.860891473144631,60.21309459611811],[5.860836235387261,60.21318839805601],[5.860590339528623,60.21345979302616],[5.860036474755666,60.21400258296645],[5.85949486730239,60.214454907916696],[5.858811826276096,60.21488451937814],[5.8585405679888956,60.215014095592295],[5.857998051414495,60.215158100216605],[5.857726793127295,60.21518876497187],[5.857093857123828,60.21520966428785],[5.856370501691294,60.21519472308789],[5.855556726829693,60.2151418159007],[5.855014210255293,60.215057628317304],[5.854525642847881,60.21495246536197],[5.853748338248359,60.21485564146316],[5.853477079961158,60.214855655910355],[5.85343040981302,60.21490723286694],[5.853657918819292,60.215172198838964],[5.8541100159646255,60.215550857974065],[5.85537588797156,60.21651410217718],[5.8558279851168935,60.21680633338724],[5.8561896628331604,60.21700394074079],[5.857003437694761,60.21739378866074],[5.857817212556362,60.21771288217837],[5.858450148559829,60.21793869525734],[5.8589022457051625,60.21807387005561],[5.859496350582677,60.218209205003724],[5.860168117712097,60.21831202535479],[5.861705248006231,60.218321976238265],[5.862880700584099,60.21824459495863],[5.8639657337329,60.2181085064305],[5.8642369920201,60.218049137252365],[5.864468600162852,60.217937810033575],[5.864589856016845,60.21784734504353],[5.8646469926930225,60.21775688005348],[5.864657821284049,60.217530717578356],[5.864598669736367,60.217291952924704],[5.864417673276826,60.216852230152995],[5.864209308688559,60.216580835182846],[5.8639657337329,60.21633211477755],[5.863868020116034,60.21626420771767],[5.863513636587566,60.2160939516178],[5.862761544101665,60.215630952787336],[5.8623826320190044,60.21531432532216],[5.862120442899224,60.21504293035201],[5.861835644669188,60.21463583789679],[5.86173766126945,60.214454907916696],[5.861710250436479,60.214319210431626],[5.861705607965432,60.21395735047143],[5.8617323653006155,60.21355025801621],[5.861799428434464,60.213414560531135],[5.861835333607809,60.21323363055104],[5.861951597252852,60.21296223558089],[5.8620703083437835,60.21278130560079],[5.8622315245529615,60.212464678135625],[5.86234199538015,60.21232898065055],[5.862448288972695,60.21214805067045],[5.862708486284965,60.21183142320528],[5.8629032807891015,60.21151479574011],[5.86306949800989,60.21133386576001],[5.863230748465547,60.21106247078986],[5.863513636587566,60.21072413874875],[5.864163138310758,60.20966026344411],[5.864553756096639,60.20880084603864],[5.864584006969255,60.208619916058545],[5.864634822477815,60.208484218573474],[5.864637255521106,60.20843898607845],[5.864598669736367,60.20837630467809]]}},{"type":"Feature","properties":{"depth":110,"major":false},"geometry":{"type":"LineString","coordinates":[[5.8602585371411635,60.21571088640704],[5.860168117712097,60.21572793899403],[5.859716020566763,60.2159097760999],[5.859354342850496,60.21601467442909],[5.858630987417962,60.21618319466516],[5.85798163926533,60.21626420771767],[5.857903368688218,60.2163094402127],[5.857997195395534,60.21639990520275],[5.858165787021279,60.216490370192794],[5.858992665134229,60.21682116929276],[5.859727609989844,60.21707839262812],[5.86034895657023,60.21723143134416],[5.860710634286497,60.21727467042724],[5.861253150860898,60.217275237613585],[5.862066925722498,60.21721644091177],[5.862257143241756,60.21716885761816],[5.8622882498134565,60.217123625123136],[5.862276135014323,60.21707839262812],[5.862144635460535,60.21694269514304],[5.861032119772614,60.21626420771767],[5.860439375999297,60.215774773806025],[5.86034895657023,60.215723781787666],[5.8602585371411635,60.21571088640704]]}}]}